id_рейса,Аэропорт_вылета,Аэропорт_прилета,Город_вылета,Дата_вылета,Месяц_вылета,Год_вылета,Длительность,Время_полёта_в_минутах,Модель_самолета,Макс_дальность_полета,Код_самолета_iata,Количество_мест,max_допустимое_колво_свободных_мест,Количество_свободных_мест,Количество_купленных_билетов,Класс_обслуживания,Класс_Эконом,Класс_Комфорт,Класс_Бизнесс,Доход_от_продажи_билетов_рублей,Расход_на_топливо_рублей,Прибыльность_рейса_рублей
136119,SVO,AAQ,Anapa,3.0,1.0,2017.0,0 years 0 mons 0 days 1 hours 41 mins 0.00 secs,101.0,Boeing 737-300,4200,733,130,3.00,1,11,Business,0,0,1,402600.00,34386.59466666667,368213.4053333333
136119,SVO,AAQ,Anapa,3.0,1.0,2017.0,0 years 0 mons 0 days 1 hours 41 mins 0.00 secs,101.0,Boeing 737-300,4200,733,130,29.50,16,102,Economy,1,0,0,1250400.00,339380.73866666673,911019.2613333333
136120,SVO,AAQ,Anapa,24.0,2.0,2017.0,0 years 0 mons 0 days 1 hours 39 mins 0.00 secs,99.0,Boeing 737-300,4200,733,130,3.00,1,11,Business,0,0,1,402600.00,33705.672,368894.328
136120,SVO,AAQ,Anapa,24.0,2.0,2017.0,0 years 0 mons 0 days 1 hours 39 mins 0.00 secs,99.0,Boeing 737-300,4200,733,130,29.50,20,98,Economy,1,0,0,1202800.00,332660.32800000004,870139.672
136122,SVO,AAQ,Anapa,8.0,1.0,2017.0,0 years 0 mons 0 days 1 hours 40 mins 0.00 secs,100.0,Boeing 737-300,4200,733,130,3.00,2,10,Business,0,0,1,366000.00,34046.13333333333,331953.8666666667
136122,SVO,AAQ,Anapa,8.0,1.0,2017.0,0 years 0 mons 0 days 1 hours 40 mins 0.00 secs,100.0,Boeing 737-300,4200,733,130,29.50,31,87,Economy,1,0,0,1065000.00,336020.5333333334,728979.4666666666
136130,SVO,AAQ,Anapa,13.0,2.0,2017.0,0 years 0 mons 0 days 1 hours 39 mins 0.00 secs,99.0,Boeing 737-300,4200,733,130,3.00,2,10,Business,0,0,1,366000.00,33705.672,332294.328
136130,SVO,AAQ,Anapa,13.0,2.0,2017.0,0 years 0 mons 0 days 1 hours 39 mins 0.00 secs,99.0,Boeing 737-300,4200,733,130,29.50,21,97,Economy,1,0,0,1190600.00,332660.32800000004,857939.672
136131,SVO,AAQ,Anapa,28.0,1.0,2017.0,0 years 0 mons 0 days 1 hours 39 mins 0.00 secs,99.0,Boeing 737-300,4200,733,130,3.00,0,12,Business,0,0,1,439200.00,33705.672,405494.328
136131,SVO,AAQ,Anapa,28.0,1.0,2017.0,0 years 0 mons 0 days 1 hours 39 mins 0.00 secs,99.0,Boeing 737-300,4200,733,130,29.50,6,112,Economy,1,0,0,1373600.00,332660.32800000004,1040939.672
136132,SVO,AAQ,Anapa,15.0,2.0,2017.0,0 years 0 mons 0 days 1 hours 39 mins 0.00 secs,99.0,Boeing 737-300,4200,733,130,3.00,0,12,Business,0,0,1,439200.00,33705.672,405494.328
136132,SVO,AAQ,Anapa,15.0,2.0,2017.0,0 years 0 mons 0 days 1 hours 39 mins 0.00 secs,99.0,Boeing 737-300,4200,733,130,29.50,14,104,Economy,1,0,0,1274800.00,332660.32800000004,942139.672
136135,SVO,AAQ,Anapa,1.0,2.0,2017.0,0 years 0 mons 0 days 1 hours 40 mins 0.00 secs,100.0,Boeing 737-300,4200,733,130,3.00,1,11,Business,0,0,1,402600.00,34046.13333333333,368553.8666666667
136135,SVO,AAQ,Anapa,1.0,2.0,2017.0,0 years 0 mons 0 days 1 hours 40 mins 0.00 secs,100.0,Boeing 737-300,4200,733,130,29.50,14,104,Economy,1,0,0,1276000.00,336020.5333333334,939979.4666666666
136141,SVO,AAQ,Anapa,12.0,12.0,2016.0,0 years 0 mons 0 days 1 hours 42 mins 0.00 secs,102.0,Boeing 737-300,4200,733,130,3.00,1,11,Business,0,0,1,402600.00,34727.056,367872.944
136141,SVO,AAQ,Anapa,12.0,12.0,2016.0,0 years 0 mons 0 days 1 hours 42 mins 0.00 secs,102.0,Boeing 737-300,4200,733,130,29.50,20,98,Economy,1,0,0,1200400.00,342740.944,857659.056
136143,SVO,AAQ,Anapa,14.0,12.0,2016.0,0 years 0 mons 0 days 1 hours 40 mins 0.00 secs,100.0,Boeing 737-300,4200,733,130,3.00,1,11,Business,0,0,1,402600.00,34046.13333333333,368553.8666666667
136143,SVO,AAQ,Anapa,14.0,12.0,2016.0,0 years 0 mons 0 days 1 hours 40 mins 0.00 secs,100.0,Boeing 737-300,4200,733,130,29.50,24,94,Economy,1,0,0,1151600.00,336020.5333333334,815579.4666666666
136146,SVO,AAQ,Anapa,9.0,2.0,2017.0,0 years 0 mons 0 days 1 hours 40 mins 0.00 secs,100.0,Boeing 737-300,4200,733,130,3.00,1,11,Business,0,0,1,402600.00,34046.13333333333,368553.8666666667
136146,SVO,AAQ,Anapa,9.0,2.0,2017.0,0 years 0 mons 0 days 1 hours 40 mins 0.00 secs,100.0,Boeing 737-300,4200,733,130,29.50,20,98,Economy,1,0,0,1201600.00,336020.5333333334,865579.4666666666
136159,SVO,AAQ,Anapa,4.0,1.0,2017.0,0 years 0 mons 0 days 1 hours 38 mins 0.00 secs,98.0,Boeing 737-300,4200,733,130,3.00,0,12,Business,0,0,1,439200.00,33365.21066666667,405834.7893333333
136159,SVO,AAQ,Anapa,4.0,1.0,2017.0,0 years 0 mons 0 days 1 hours 38 mins 0.00 secs,98.0,Boeing 737-300,4200,733,130,29.50,15,103,Economy,1,0,0,1261400.00,329300.1226666667,932099.8773333333
136164,SVO,AAQ,Anapa,7.0,1.0,2017.0,0 years 0 mons 0 days 1 hours 39 mins 0.00 secs,99.0,Boeing 737-300,4200,733,130,3.00,1,11,Business,0,0,1,402600.00,33705.672,368894.328
136164,SVO,AAQ,Anapa,7.0,1.0,2017.0,0 years 0 mons 0 days 1 hours 39 mins 0.00 secs,99.0,Boeing 737-300,4200,733,130,29.50,9,109,Economy,1,0,0,1335800.00,332660.32800000004,1003139.672
136165,SVO,AAQ,Anapa,22.0,2.0,2017.0,0 years 0 mons 0 days 1 hours 41 mins 0.00 secs,101.0,Boeing 737-300,4200,733,130,3.00,3,9,Business,0,0,1,329400.00,34386.59466666667,295013.4053333333
136165,SVO,AAQ,Anapa,22.0,2.0,2017.0,0 years 0 mons 0 days 1 hours 41 mins 0.00 secs,101.0,Boeing 737-300,4200,733,130,29.50,17,101,Economy,1,0,0,1238200.00,339380.73866666673,898819.2613333333
136172,SVO,AAQ,Anapa,15.0,1.0,2017.0,0 years 0 mons 0 days 1 hours 39 mins 0.00 secs,99.0,Boeing 737-300,4200,733,130,3.00,1,11,Business,0,0,1,402600.00,33705.672,368894.328
136172,SVO,AAQ,Anapa,15.0,1.0,2017.0,0 years 0 mons 0 days 1 hours 39 mins 0.00 secs,99.0,Boeing 737-300,4200,733,130,29.50,19,99,Economy,1,0,0,1215000.00,332660.32800000004,882339.672
136178,SVO,AAQ,Anapa,29.0,1.0,2017.0,0 years 0 mons 0 days 1 hours 39 mins 0.00 secs,99.0,Boeing 737-300,4200,733,130,3.00,3,9,Business,0,0,1,329400.00,33705.672,295694.328
136178,SVO,AAQ,Anapa,29.0,1.0,2017.0,0 years 0 mons 0 days 1 hours 39 mins 0.00 secs,99.0,Boeing 737-300,4200,733,130,29.50,28,90,Economy,1,0,0,1105200.00,332660.32800000004,772539.672
136181,SVO,AAQ,Anapa,31.0,1.0,2017.0,0 years 0 mons 0 days 1 hours 39 mins 0.00 secs,99.0,Boeing 737-300,4200,733,130,3.00,2,10,Business,0,0,1,366000.00,33705.672,332294.328
136181,SVO,AAQ,Anapa,31.0,1.0,2017.0,0 years 0 mons 0 days 1 hours 39 mins 0.00 secs,99.0,Boeing 737-300,4200,733,130,29.50,10,108,Economy,1,0,0,1323600.00,332660.32800000004,990939.672
136185,SVO,AAQ,Anapa,14.0,1.0,2017.0,0 years 0 mons 0 days 1 hours 43 mins 0.00 secs,103.0,Boeing 737-300,4200,733,130,3.00,2,10,Business,0,0,1,366000.00,35067.51733333334,330932.4826666667
136185,SVO,AAQ,Anapa,14.0,1.0,2017.0,0 years 0 mons 0 days 1 hours 43 mins 0.00 secs,103.0,Boeing 737-300,4200,733,130,29.50,24,94,Economy,1,0,0,1154000.00,346101.14933333336,807898.8506666666
136187,SVO,AAQ,Anapa,1.0,12.0,2016.0,0 years 0 mons 0 days 1 hours 40 mins 0.00 secs,100.0,Boeing 737-300,4200,733,130,3.00,0,12,Business,0,0,1,439200.00,34046.13333333333,405153.8666666667
136187,SVO,AAQ,Anapa,1.0,12.0,2016.0,0 years 0 mons 0 days 1 hours 40 mins 0.00 secs,100.0,Boeing 737-300,4200,733,130,29.50,1,117,Economy,1,0,0,1434600.00,336020.5333333334,1098579.4666666666
136202,SVO,AAQ,Anapa,5.0,1.0,2017.0,0 years 0 mons 0 days 1 hours 42 mins 0.00 secs,102.0,Boeing 737-300,4200,733,130,3.00,1,11,Business,0,0,1,402600.00,34727.056,367872.944
136202,SVO,AAQ,Anapa,5.0,1.0,2017.0,0 years 0 mons 0 days 1 hours 42 mins 0.00 secs,102.0,Boeing 737-300,4200,733,130,29.50,29,89,Economy,1,0,0,1093000.00,342740.944,750259.056
136204,SVO,AAQ,Anapa,23.0,2.0,2017.0,0 years 0 mons 0 days 1 hours 40 mins 0.00 secs,100.0,Boeing 737-300,4200,733,130,3.00,6,6,Business,0,0,1,219600.00,34046.13333333333,185553.86666666667
136204,SVO,AAQ,Anapa,23.0,2.0,2017.0,0 years 0 mons 0 days 1 hours 40 mins 0.00 secs,100.0,Boeing 737-300,4200,733,130,29.50,17,101,Economy,1,0,0,1238200.00,336020.5333333334,902179.4666666666
136207,SVO,AAQ,Anapa,27.0,12.0,2016.0,0 years 0 mons 0 days 1 hours 41 mins 0.00 secs,101.0,Boeing 737-300,4200,733,130,3.00,3,9,Business,0,0,1,329400.00,34386.59466666667,295013.4053333333
136207,SVO,AAQ,Anapa,27.0,12.0,2016.0,0 years 0 mons 0 days 1 hours 41 mins 0.00 secs,101.0,Boeing 737-300,4200,733,130,29.50,17,101,Economy,1,0,0,1238200.00,339380.73866666673,898819.2613333333
136209,SVO,AAQ,Anapa,6.0,1.0,2017.0,0 years 0 mons 0 days 1 hours 40 mins 0.00 secs,100.0,Boeing 737-300,4200,733,130,3.00,2,10,Business,0,0,1,366000.00,34046.13333333333,331953.8666666667
136209,SVO,AAQ,Anapa,6.0,1.0,2017.0,0 years 0 mons 0 days 1 hours 40 mins 0.00 secs,100.0,Boeing 737-300,4200,733,130,29.50,16,102,Economy,1,0,0,1249200.00,336020.5333333334,913179.4666666666
136210,SVO,AAQ,Anapa,21.0,12.0,2016.0,0 years 0 mons 0 days 1 hours 40 mins 0.00 secs,100.0,Boeing 737-300,4200,733,130,3.00,1,11,Business,0,0,1,402600.00,34046.13333333333,368553.8666666667
136210,SVO,AAQ,Anapa,21.0,12.0,2016.0,0 years 0 mons 0 days 1 hours 40 mins 0.00 secs,100.0,Boeing 737-300,4200,733,130,29.50,11,107,Economy,1,0,0,1309000.00,336020.5333333334,972979.4666666666
136215,SVO,AAQ,Anapa,28.0,2.0,2017.0,0 years 0 mons 0 days 1 hours 40 mins 0.00 secs,100.0,Boeing 737-300,4200,733,130,3.00,1,11,Business,0,0,1,402600.00,34046.13333333333,368553.8666666667
136215,SVO,AAQ,Anapa,28.0,2.0,2017.0,0 years 0 mons 0 days 1 hours 40 mins 0.00 secs,100.0,Boeing 737-300,4200,733,130,29.50,15,103,Economy,1,0,0,1261400.00,336020.5333333334,925379.4666666666
136223,SVO,AAQ,Anapa,13.0,12.0,2016.0,0 years 0 mons 0 days 1 hours 41 mins 0.00 secs,101.0,Boeing 737-300,4200,733,130,3.00,1,11,Business,0,0,1,402600.00,34386.59466666667,368213.4053333333
136223,SVO,AAQ,Anapa,13.0,12.0,2016.0,0 years 0 mons 0 days 1 hours 41 mins 0.00 secs,101.0,Boeing 737-300,4200,733,130,29.50,8,110,Economy,1,0,0,1349200.00,339380.73866666673,1009819.2613333333
136226,SVO,AAQ,Anapa,30.0,1.0,2017.0,0 years 0 mons 0 days 1 hours 40 mins 0.00 secs,100.0,Boeing 737-300,4200,733,130,3.00,0,12,Business,0,0,1,439200.00,34046.13333333333,405153.8666666667
136226,SVO,AAQ,Anapa,30.0,1.0,2017.0,0 years 0 mons 0 days 1 hours 40 mins 0.00 secs,100.0,Boeing 737-300,4200,733,130,29.50,0,118,Economy,1,0,0,1446800.00,336020.5333333334,1110779.4666666666
136244,SVO,AAQ,Anapa,22.0,12.0,2016.0,0 years 0 mons 0 days 1 hours 39 mins 0.00 secs,99.0,Boeing 737-300,4200,733,130,3.00,1,11,Business,0,0,1,402600.00,33705.672,368894.328
136244,SVO,AAQ,Anapa,22.0,12.0,2016.0,0 years 0 mons 0 days 1 hours 39 mins 0.00 secs,99.0,Boeing 737-300,4200,733,130,29.50,12,106,Economy,1,0,0,1300400.00,332660.32800000004,967739.672
136249,SVO,AAQ,Anapa,14.0,2.0,2017.0,0 years 0 mons 0 days 1 hours 38 mins 0.00 secs,98.0,Boeing 737-300,4200,733,130,3.00,0,12,Business,0,0,1,439200.00,33365.21066666667,405834.7893333333
136249,SVO,AAQ,Anapa,14.0,2.0,2017.0,0 years 0 mons 0 days 1 hours 38 mins 0.00 secs,98.0,Boeing 737-300,4200,733,130,29.50,7,111,Economy,1,0,0,1361400.00,329300.1226666667,1032099.8773333333
136250,SVO,AAQ,Anapa,8.0,2.0,2017.0,0 years 0 mons 0 days 1 hours 41 mins 0.00 secs,101.0,Boeing 737-300,4200,733,130,3.00,4,8,Business,0,0,1,292800.00,34386.59466666667,258413.40533333333
136250,SVO,AAQ,Anapa,8.0,2.0,2017.0,0 years 0 mons 0 days 1 hours 41 mins 0.00 secs,101.0,Boeing 737-300,4200,733,130,29.50,27,91,Economy,1,0,0,1115000.00,339380.73866666673,775619.2613333333
136252,SVO,AAQ,Anapa,20.0,12.0,2016.0,0 years 0 mons 0 days 1 hours 41 mins 0.00 secs,101.0,Boeing 737-300,4200,733,130,3.00,1,11,Business,0,0,1,402600.00,34386.59466666667,368213.4053333333
136252,SVO,AAQ,Anapa,20.0,12.0,2016.0,0 years 0 mons 0 days 1 hours 41 mins 0.00 secs,101.0,Boeing 737-300,4200,733,130,29.50,27,91,Economy,1,0,0,1115000.00,339380.73866666673,775619.2613333333
136253,SVO,AAQ,Anapa,24.0,12.0,2016.0,0 years 0 mons 0 days 1 hours 38 mins 0.00 secs,98.0,Boeing 737-300,4200,733,130,3.00,1,11,Business,0,0,1,402600.00,33365.21066666667,369234.7893333333
136253,SVO,AAQ,Anapa,24.0,12.0,2016.0,0 years 0 mons 0 days 1 hours 38 mins 0.00 secs,98.0,Boeing 737-300,4200,733,130,29.50,36,82,Economy,1,0,0,1005200.00,329300.1226666667,675899.8773333333
136257,SVO,AAQ,Anapa,18.0,12.0,2016.0,0 years 0 mons 0 days 1 hours 40 mins 0.00 secs,100.0,Boeing 737-300,4200,733,130,3.00,1,11,Business,0,0,1,402600.00,34046.13333333333,368553.8666666667
136257,SVO,AAQ,Anapa,18.0,12.0,2016.0,0 years 0 mons 0 days 1 hours 40 mins 0.00 secs,100.0,Boeing 737-300,4200,733,130,29.50,18,100,Economy,1,0,0,1226000.00,336020.5333333334,889979.4666666666
136262,SVO,AAQ,Anapa,28.0,12.0,2016.0,0 years 0 mons 0 days 1 hours 39 mins 0.00 secs,99.0,Boeing 737-300,4200,733,130,3.00,0,12,Business,0,0,1,439200.00,33705.672,405494.328
136262,SVO,AAQ,Anapa,28.0,12.0,2016.0,0 years 0 mons 0 days 1 hours 39 mins 0.00 secs,99.0,Boeing 737-300,4200,733,130,29.50,2,116,Economy,1,0,0,1422400.00,332660.32800000004,1089739.672
136264,SVO,AAQ,Anapa,18.0,2.0,2017.0,0 years 0 mons 0 days 1 hours 40 mins 0.00 secs,100.0,Boeing 737-300,4200,733,130,3.00,1,11,Business,0,0,1,402600.00,34046.13333333333,368553.8666666667
136264,SVO,AAQ,Anapa,18.0,2.0,2017.0,0 years 0 mons 0 days 1 hours 40 mins 0.00 secs,100.0,Boeing 737-300,4200,733,130,29.50,13,105,Economy,1,0,0,1288200.00,336020.5333333334,952179.4666666666
136266,SVO,AAQ,Anapa,27.0,2.0,2017.0,0 years 0 mons 0 days 1 hours 40 mins 0.00 secs,100.0,Boeing 737-300,4200,733,130,3.00,2,10,Business,0,0,1,366000.00,34046.13333333333,331953.8666666667
136266,SVO,AAQ,Anapa,27.0,2.0,2017.0,0 years 0 mons 0 days 1 hours 40 mins 0.00 secs,100.0,Boeing 737-300,4200,733,130,29.50,20,98,Economy,1,0,0,1200400.00,336020.5333333334,864379.4666666666
136268,SVO,AAQ,Anapa,16.0,2.0,2017.0,0 years 0 mons 0 days 1 hours 41 mins 0.00 secs,101.0,Boeing 737-300,4200,733,130,3.00,1,11,Business,0,0,1,402600.00,34386.59466666667,368213.4053333333
136268,SVO,AAQ,Anapa,16.0,2.0,2017.0,0 years 0 mons 0 days 1 hours 41 mins 0.00 secs,101.0,Boeing 737-300,4200,733,130,29.50,14,104,Economy,1,0,0,1273600.00,339380.73866666673,934219.2613333333
136269,SVO,AAQ,Anapa,11.0,2.0,2017.0,0 years 0 mons 0 days 1 hours 40 mins 0.00 secs,100.0,Boeing 737-300,4200,733,130,3.00,1,11,Business,0,0,1,402600.00,34046.13333333333,368553.8666666667
136269,SVO,AAQ,Anapa,11.0,2.0,2017.0,0 years 0 mons 0 days 1 hours 40 mins 0.00 secs,100.0,Boeing 737-300,4200,733,130,29.50,20,98,Economy,1,0,0,1202800.00,336020.5333333334,866779.4666666666
136270,SVO,AAQ,Anapa,12.0,2.0,2017.0,0 years 0 mons 0 days 1 hours 39 mins 0.00 secs,99.0,Boeing 737-300,4200,733,130,3.00,1,11,Business,0,0,1,402600.00,33705.672,368894.328
136270,SVO,AAQ,Anapa,12.0,2.0,2017.0,0 years 0 mons 0 days 1 hours 39 mins 0.00 secs,99.0,Boeing 737-300,4200,733,130,29.50,18,100,Economy,1,0,0,1226000.00,332660.32800000004,893339.672
136273,SVO,AAQ,Anapa,9.0,12.0,2016.0,0 years 0 mons 0 days 1 hours 39 mins 0.00 secs,99.0,Boeing 737-300,4200,733,130,3.00,0,12,Business,0,0,1,439200.00,33705.672,405494.328
136273,SVO,AAQ,Anapa,9.0,12.0,2016.0,0 years 0 mons 0 days 1 hours 39 mins 0.00 secs,99.0,Boeing 737-300,4200,733,130,29.50,1,117,Economy,1,0,0,1434600.00,332660.32800000004,1101939.672
136275,SVO,AAQ,Anapa,13.0,1.0,2017.0,0 years 0 mons 0 days 1 hours 38 mins 0.00 secs,98.0,Boeing 737-300,4200,733,130,3.00,0,12,Business,0,0,1,439200.00,33365.21066666667,405834.7893333333
136275,SVO,AAQ,Anapa,13.0,1.0,2017.0,0 years 0 mons 0 days 1 hours 38 mins 0.00 secs,98.0,Boeing 737-300,4200,733,130,29.50,5,113,Economy,1,0,0,1385800.00,329300.1226666667,1056499.8773333333
136282,SVO,AAQ,Anapa,16.0,1.0,2017.0,0 years 0 mons 0 days 1 hours 41 mins 0.00 secs,101.0,Boeing 737-300,4200,733,130,3.00,3,9,Business,0,0,1,329400.00,34386.59466666667,295013.4053333333
136282,SVO,AAQ,Anapa,16.0,1.0,2017.0,0 years 0 mons 0 days 1 hours 41 mins 0.00 secs,101.0,Boeing 737-300,4200,733,130,29.50,21,97,Economy,1,0,0,1189400.00,339380.73866666673,850019.2613333333
136284,SVO,AAQ,Anapa,7.0,2.0,2017.0,0 years 0 mons 0 days 1 hours 41 mins 0.00 secs,101.0,Boeing 737-300,4200,733,130,3.00,2,10,Business,0,0,1,366000.00,34386.59466666667,331613.4053333333
136284,SVO,AAQ,Anapa,7.0,2.0,2017.0,0 years 0 mons 0 days 1 hours 41 mins 0.00 secs,101.0,Boeing 737-300,4200,733,130,29.50,11,107,Economy,1,0,0,1311400.00,339380.73866666673,972019.2613333333
136293,SVO,AAQ,Anapa,23.0,1.0,2017.0,0 years 0 mons 0 days 1 hours 39 mins 0.00 secs,99.0,Boeing 737-300,4200,733,130,3.00,0,12,Business,0,0,1,439200.00,33705.672,405494.328
136293,SVO,AAQ,Anapa,23.0,1.0,2017.0,0 years 0 mons 0 days 1 hours 39 mins 0.00 secs,99.0,Boeing 737-300,4200,733,130,29.50,16,102,Economy,1,0,0,1250400.00,332660.32800000004,917739.672
136296,SVO,AAQ,Anapa,29.0,12.0,2016.0,0 years 0 mons 0 days 1 hours 39 mins 0.00 secs,99.0,Boeing 737-300,4200,733,130,3.00,2,10,Business,0,0,1,366000.00,33705.672,332294.328
136296,SVO,AAQ,Anapa,29.0,12.0,2016.0,0 years 0 mons 0 days 1 hours 39 mins 0.00 secs,99.0,Boeing 737-300,4200,733,130,29.50,11,107,Economy,1,0,0,1312600.00,332660.32800000004,979939.672
136306,SVO,AAQ,Anapa,4.0,12.0,2016.0,0 years 0 mons 0 days 1 hours 40 mins 0.00 secs,100.0,Boeing 737-300,4200,733,130,3.00,4,8,Business,0,0,1,292800.00,34046.13333333333,258753.86666666667
136306,SVO,AAQ,Anapa,4.0,12.0,2016.0,0 years 0 mons 0 days 1 hours 40 mins 0.00 secs,100.0,Boeing 737-300,4200,733,130,29.50,24,94,Economy,1,0,0,1150400.00,336020.5333333334,814379.4666666666
136310,SVO,AAQ,Anapa,22.0,1.0,2017.0,0 years 0 mons 0 days 1 hours 40 mins 0.00 secs,100.0,Boeing 737-300,4200,733,130,3.00,3,9,Business,0,0,1,329400.00,34046.13333333333,295353.8666666667
136310,SVO,AAQ,Anapa,22.0,1.0,2017.0,0 years 0 mons 0 days 1 hours 40 mins 0.00 secs,100.0,Boeing 737-300,4200,733,130,29.50,10,108,Economy,1,0,0,1324800.00,336020.5333333334,988779.4666666666
136316,SVO,AAQ,Anapa,12.0,1.0,2017.0,0 years 0 mons 0 days 1 hours 40 mins 0.00 secs,100.0,Boeing 737-300,4200,733,130,3.00,0,12,Business,0,0,1,439200.00,34046.13333333333,405153.8666666667
136316,SVO,AAQ,Anapa,12.0,1.0,2017.0,0 years 0 mons 0 days 1 hours 40 mins 0.00 secs,100.0,Boeing 737-300,4200,733,130,29.50,0,118,Economy,1,0,0,1446800.00,336020.5333333334,1110779.4666666666
136318,SVO,AAQ,Anapa,17.0,12.0,2016.0,0 years 0 mons 0 days 1 hours 42 mins 0.00 secs,102.0,Boeing 737-300,4200,733,130,3.00,1,11,Business,0,0,1,402600.00,34727.056,367872.944
136318,SVO,AAQ,Anapa,17.0,12.0,2016.0,0 years 0 mons 0 days 1 hours 42 mins 0.00 secs,102.0,Boeing 737-300,4200,733,130,29.50,25,93,Economy,1,0,0,1141800.00,342740.944,799059.056
136320,SVO,AAQ,Anapa,19.0,2.0,2017.0,0 years 0 mons 0 days 1 hours 40 mins 0.00 secs,100.0,Boeing 737-300,4200,733,130,3.00,2,10,Business,0,0,1,366000.00,34046.13333333333,331953.8666666667
136320,SVO,AAQ,Anapa,19.0,2.0,2017.0,0 years 0 mons 0 days 1 hours 40 mins 0.00 secs,100.0,Boeing 737-300,4200,733,130,29.50,22,96,Economy,1,0,0,1178400.00,336020.5333333334,842379.4666666666
136322,SVO,AAQ,Anapa,6.0,2.0,2017.0,0 years 0 mons 0 days 1 hours 41 mins 0.00 secs,101.0,Boeing 737-300,4200,733,130,3.00,2,10,Business,0,0,1,366000.00,34386.59466666667,331613.4053333333
136322,SVO,AAQ,Anapa,6.0,2.0,2017.0,0 years 0 mons 0 days 1 hours 41 mins 0.00 secs,101.0,Boeing 737-300,4200,733,130,29.50,20,98,Economy,1,0,0,1201600.00,339380.73866666673,862219.2613333333
136324,SVO,AAQ,Anapa,5.0,12.0,2016.0,0 years 0 mons 0 days 1 hours 41 mins 0.00 secs,101.0,Boeing 737-300,4200,733,130,3.00,3,9,Business,0,0,1,329400.00,34386.59466666667,295013.4053333333
136324,SVO,AAQ,Anapa,5.0,12.0,2016.0,0 years 0 mons 0 days 1 hours 41 mins 0.00 secs,101.0,Boeing 737-300,4200,733,130,29.50,9,109,Economy,1,0,0,1337000.00,339380.73866666673,997619.2613333333
136327,SVO,AAQ,Anapa,30.0,12.0,2016.0,0 years 0 mons 0 days 1 hours 40 mins 0.00 secs,100.0,Boeing 737-300,4200,733,130,3.00,3,9,Business,0,0,1,329400.00,34046.13333333333,295353.8666666667
136327,SVO,AAQ,Anapa,30.0,12.0,2016.0,0 years 0 mons 0 days 1 hours 40 mins 0.00 secs,100.0,Boeing 737-300,4200,733,130,29.50,19,99,Economy,1,0,0,1213800.00,336020.5333333334,877779.4666666666
136338,SVO,AAQ,Anapa,19.0,12.0,2016.0,0 years 0 mons 0 days 1 hours 40 mins 0.00 secs,100.0,Boeing 737-300,4200,733,130,3.00,0,12,Business,0,0,1,439200.00,34046.13333333333,405153.8666666667
136338,SVO,AAQ,Anapa,19.0,12.0,2016.0,0 years 0 mons 0 days 1 hours 40 mins 0.00 secs,100.0,Boeing 737-300,4200,733,130,29.50,2,116,Economy,1,0,0,1422400.00,336020.5333333334,1086379.4666666666
136345,SVO,AAQ,Anapa,24.0,1.0,2017.0,0 years 0 mons 0 days 1 hours 40 mins 0.00 secs,100.0,Boeing 737-300,4200,733,130,3.00,4,8,Business,0,0,1,292800.00,34046.13333333333,258753.86666666667
136345,SVO,AAQ,Anapa,24.0,1.0,2017.0,0 years 0 mons 0 days 1 hours 40 mins 0.00 secs,100.0,Boeing 737-300,4200,733,130,29.50,18,100,Economy,1,0,0,1224800.00,336020.5333333334,888779.4666666666
136348,SVO,AAQ,Anapa,10.0,2.0,2017.0,0 years 0 mons 0 days 1 hours 40 mins 0.00 secs,100.0,Boeing 737-300,4200,733,130,3.00,0,12,Business,0,0,1,439200.00,34046.13333333333,405153.8666666667
136348,SVO,AAQ,Anapa,10.0,2.0,2017.0,0 years 0 mons 0 days 1 hours 40 mins 0.00 secs,100.0,Boeing 737-300,4200,733,130,29.50,10,108,Economy,1,0,0,1323600.00,336020.5333333334,987579.4666666666
136351,SVO,AAQ,Anapa,26.0,2.0,2017.0,0 years 0 mons 0 days 1 hours 40 mins 0.00 secs,100.0,Boeing 737-300,4200,733,130,3.00,1,11,Business,0,0,1,402600.00,34046.13333333333,368553.8666666667
136351,SVO,AAQ,Anapa,26.0,2.0,2017.0,0 years 0 mons 0 days 1 hours 40 mins 0.00 secs,100.0,Boeing 737-300,4200,733,130,29.50,24,94,Economy,1,0,0,1152800.00,336020.5333333334,816779.4666666666
136352,SVO,AAQ,Anapa,10.0,12.0,2016.0,0 years 0 mons 0 days 1 hours 40 mins 0.00 secs,100.0,Boeing 737-300,4200,733,130,3.00,2,10,Business,0,0,1,366000.00,34046.13333333333,331953.8666666667
136352,SVO,AAQ,Anapa,10.0,12.0,2016.0,0 years 0 mons 0 days 1 hours 40 mins 0.00 secs,100.0,Boeing 737-300,4200,733,130,29.50,36,82,Economy,1,0,0,1006400.00,336020.5333333334,670379.4666666666
136360,SVO,AAQ,Anapa,5.0,2.0,2017.0,0 years 0 mons 0 days 1 hours 40 mins 0.00 secs,100.0,Boeing 737-300,4200,733,130,3.00,1,11,Business,0,0,1,402600.00,34046.13333333333,368553.8666666667
136360,SVO,AAQ,Anapa,5.0,2.0,2017.0,0 years 0 mons 0 days 1 hours 40 mins 0.00 secs,100.0,Boeing 737-300,4200,733,130,29.50,32,86,Economy,1,0,0,1052800.00,336020.5333333334,716779.4666666666
136366,SVO,AAQ,Anapa,11.0,1.0,2017.0,0 years 0 mons 0 days 1 hours 39 mins 0.00 secs,99.0,Boeing 737-300,4200,733,130,3.00,1,11,Business,0,0,1,402600.00,33705.672,368894.328
136366,SVO,AAQ,Anapa,11.0,1.0,2017.0,0 years 0 mons 0 days 1 hours 39 mins 0.00 secs,99.0,Boeing 737-300,4200,733,130,29.50,26,92,Economy,1,0,0,1124800.00,332660.32800000004,792139.672
136368,SVO,AAQ,Anapa,31.0,12.0,2016.0,0 years 0 mons 0 days 1 hours 40 mins 0.00 secs,100.0,Boeing 737-300,4200,733,130,3.00,0,12,Business,0,0,1,439200.00,34046.13333333333,405153.8666666667
136368,SVO,AAQ,Anapa,31.0,12.0,2016.0,0 years 0 mons 0 days 1 hours 40 mins 0.00 secs,100.0,Boeing 737-300,4200,733,130,29.50,0,118,Economy,1,0,0,1446800.00,336020.5333333334,1110779.4666666666
136383,SVO,AAQ,Anapa,25.0,1.0,2017.0,0 years 0 mons 0 days 1 hours 42 mins 0.00 secs,102.0,Boeing 737-300,4200,733,130,3.00,4,8,Business,0,0,1,292800.00,34727.056,258072.94400000002
136383,SVO,AAQ,Anapa,25.0,1.0,2017.0,0 years 0 mons 0 days 1 hours 42 mins 0.00 secs,102.0,Boeing 737-300,4200,733,130,29.50,20,98,Economy,1,0,0,1200400.00,342740.944,857659.056
136385,SVO,AAQ,Anapa,16.0,12.0,2016.0,0 years 0 mons 0 days 1 hours 40 mins 0.00 secs,100.0,Boeing 737-300,4200,733,130,3.00,0,12,Business,0,0,1,439200.00,34046.13333333333,405153.8666666667
136385,SVO,AAQ,Anapa,16.0,12.0,2016.0,0 years 0 mons 0 days 1 hours 40 mins 0.00 secs,100.0,Boeing 737-300,4200,733,130,29.50,2,116,Economy,1,0,0,1422400.00,336020.5333333334,1086379.4666666666
136387,SVO,AAQ,Anapa,19.0,1.0,2017.0,0 years 0 mons 0 days 1 hours 39 mins 0.00 secs,99.0,Boeing 737-300,4200,733,130,3.00,0,12,Business,0,0,1,439200.00,33705.672,405494.328
136387,SVO,AAQ,Anapa,19.0,1.0,2017.0,0 years 0 mons 0 days 1 hours 39 mins 0.00 secs,99.0,Boeing 737-300,4200,733,130,29.50,9,109,Economy,1,0,0,1335800.00,332660.32800000004,1003139.672
136389,SVO,AAQ,Anapa,18.0,1.0,2017.0,0 years 0 mons 0 days 1 hours 40 mins 0.00 secs,100.0,Boeing 737-300,4200,733,130,3.00,0,12,Business,0,0,1,439200.00,34046.13333333333,405153.8666666667
136389,SVO,AAQ,Anapa,18.0,1.0,2017.0,0 years 0 mons 0 days 1 hours 40 mins 0.00 secs,100.0,Boeing 737-300,4200,733,130,29.50,1,117,Economy,1,0,0,1434600.00,336020.5333333334,1098579.4666666666
136390,SVO,AAQ,Anapa,26.0,12.0,2016.0,0 years 0 mons 0 days 1 hours 41 mins 0.00 secs,101.0,Boeing 737-300,4200,733,130,3.00,0,12,Business,0,0,1,439200.00,34386.59466666667,404813.4053333333
136390,SVO,AAQ,Anapa,26.0,12.0,2016.0,0 years 0 mons 0 days 1 hours 41 mins 0.00 secs,101.0,Boeing 737-300,4200,733,130,29.50,5,113,Economy,1,0,0,1384600.00,339380.73866666673,1045219.2613333333
136391,SVO,AAQ,Anapa,3.0,12.0,2016.0,0 years 0 mons 0 days 1 hours 40 mins 0.00 secs,100.0,Boeing 737-300,4200,733,130,3.00,2,10,Business,0,0,1,366000.00,34046.13333333333,331953.8666666667
136391,SVO,AAQ,Anapa,3.0,12.0,2016.0,0 years 0 mons 0 days 1 hours 40 mins 0.00 secs,100.0,Boeing 737-300,4200,733,130,29.50,21,97,Economy,1,0,0,1190600.00,336020.5333333334,854579.4666666666
136397,SVO,AAQ,Anapa,25.0,12.0,2016.0,0 years 0 mons 0 days 1 hours 41 mins 0.00 secs,101.0,Boeing 737-300,4200,733,130,3.00,5,7,Business,0,0,1,256200.00,34386.59466666667,221813.40533333333
136397,SVO,AAQ,Anapa,25.0,12.0,2016.0,0 years 0 mons 0 days 1 hours 41 mins 0.00 secs,101.0,Boeing 737-300,4200,733,130,29.50,21,97,Economy,1,0,0,1188200.00,339380.73866666673,848819.2613333333
136403,SVO,AAQ,Anapa,20.0,2.0,2017.0,0 years 0 mons 0 days 1 hours 40 mins 0.00 secs,100.0,Boeing 737-300,4200,733,130,3.00,0,12,Business,0,0,1,439200.00,34046.13333333333,405153.8666666667
136403,SVO,AAQ,Anapa,20.0,2.0,2017.0,0 years 0 mons 0 days 1 hours 40 mins 0.00 secs,100.0,Boeing 737-300,4200,733,130,29.50,1,117,Economy,1,0,0,1434600.00,336020.5333333334,1098579.4666666666
136411,SVO,AAQ,Anapa,4.0,2.0,2017.0,0 years 0 mons 0 days 1 hours 40 mins 0.00 secs,100.0,Boeing 737-300,4200,733,130,3.00,2,10,Business,0,0,1,366000.00,34046.13333333333,331953.8666666667
136411,SVO,AAQ,Anapa,4.0,2.0,2017.0,0 years 0 mons 0 days 1 hours 40 mins 0.00 secs,100.0,Boeing 737-300,4200,733,130,29.50,18,100,Economy,1,0,0,1224800.00,336020.5333333334,888779.4666666666
136418,SVO,AAQ,Anapa,7.0,12.0,2016.0,0 years 0 mons 0 days 1 hours 40 mins 0.00 secs,100.0,Boeing 737-300,4200,733,130,3.00,3,9,Business,0,0,1,329400.00,34046.13333333333,295353.8666666667
136418,SVO,AAQ,Anapa,7.0,12.0,2016.0,0 years 0 mons 0 days 1 hours 40 mins 0.00 secs,100.0,Boeing 737-300,4200,733,130,29.50,30,88,Economy,1,0,0,1078400.00,336020.5333333334,742379.4666666666
136420,SVO,AAQ,Anapa,1.0,1.0,2017.0,0 years 0 mons 0 days 1 hours 38 mins 0.00 secs,98.0,Boeing 737-300,4200,733,130,3.00,1,11,Business,0,0,1,402600.00,33365.21066666667,369234.7893333333
136420,SVO,AAQ,Anapa,1.0,1.0,2017.0,0 years 0 mons 0 days 1 hours 38 mins 0.00 secs,98.0,Boeing 737-300,4200,733,130,29.50,25,93,Economy,1,0,0,1139400.00,329300.1226666667,810099.8773333333
136423,SVO,AAQ,Anapa,10.0,1.0,2017.0,0 years 0 mons 0 days 1 hours 40 mins 0.00 secs,100.0,Boeing 737-300,4200,733,130,3.00,1,11,Business,0,0,1,402600.00,34046.13333333333,368553.8666666667
136423,SVO,AAQ,Anapa,10.0,1.0,2017.0,0 years 0 mons 0 days 1 hours 40 mins 0.00 secs,100.0,Boeing 737-300,4200,733,130,29.50,0,118,Economy,1,0,0,1446800.00,336020.5333333334,1110779.4666666666
136428,SVO,AAQ,Anapa,21.0,1.0,2017.0,0 years 0 mons 0 days 1 hours 39 mins 0.00 secs,99.0,Boeing 737-300,4200,733,130,3.00,1,11,Business,0,0,1,402600.00,33705.672,368894.328
136428,SVO,AAQ,Anapa,21.0,1.0,2017.0,0 years 0 mons 0 days 1 hours 39 mins 0.00 secs,99.0,Boeing 737-300,4200,733,130,29.50,14,104,Economy,1,0,0,1276000.00,332660.32800000004,943339.672
136436,SVO,AAQ,Anapa,26.0,1.0,2017.0,0 years 0 mons 0 days 1 hours 39 mins 0.00 secs,99.0,Boeing 737-300,4200,733,130,3.00,0,12,Business,0,0,1,439200.00,33705.672,405494.328
136436,SVO,AAQ,Anapa,26.0,1.0,2017.0,0 years 0 mons 0 days 1 hours 39 mins 0.00 secs,99.0,Boeing 737-300,4200,733,130,29.50,6,112,Economy,1,0,0,1372400.00,332660.32800000004,1039739.672
136439,SVO,AAQ,Anapa,25.0,2.0,2017.0,0 years 0 mons 0 days 1 hours 40 mins 0.00 secs,100.0,Boeing 737-300,4200,733,130,3.00,1,11,Business,0,0,1,402600.00,34046.13333333333,368553.8666666667
136439,SVO,AAQ,Anapa,25.0,2.0,2017.0,0 years 0 mons 0 days 1 hours 40 mins 0.00 secs,100.0,Boeing 737-300,4200,733,130,29.50,12,106,Economy,1,0,0,1299200.00,336020.5333333334,963179.4666666666
136441,SVO,AAQ,Anapa,3.0,2.0,2017.0,0 years 0 mons 0 days 1 hours 40 mins 0.00 secs,100.0,Boeing 737-300,4200,733,130,3.00,1,11,Business,0,0,1,402600.00,34046.13333333333,368553.8666666667
136441,SVO,AAQ,Anapa,3.0,2.0,2017.0,0 years 0 mons 0 days 1 hours 40 mins 0.00 secs,100.0,Boeing 737-300,4200,733,130,29.50,1,117,Economy,1,0,0,1434600.00,336020.5333333334,1098579.4666666666
136447,SVO,AAQ,Anapa,11.0,12.0,2016.0,0 years 0 mons 0 days 1 hours 40 mins 0.00 secs,100.0,Boeing 737-300,4200,733,130,3.00,3,9,Business,0,0,1,329400.00,34046.13333333333,295353.8666666667
136447,SVO,AAQ,Anapa,11.0,12.0,2016.0,0 years 0 mons 0 days 1 hours 40 mins 0.00 secs,100.0,Boeing 737-300,4200,733,130,29.50,11,107,Economy,1,0,0,1312600.00,336020.5333333334,976579.4666666666
136450,SVO,AAQ,Anapa,6.0,12.0,2016.0,0 years 0 mons 0 days 1 hours 42 mins 0.00 secs,102.0,Boeing 737-300,4200,733,130,3.00,2,10,Business,0,0,1,366000.00,34727.056,331272.944
136450,SVO,AAQ,Anapa,6.0,12.0,2016.0,0 years 0 mons 0 days 1 hours 42 mins 0.00 secs,102.0,Boeing 737-300,4200,733,130,29.50,21,97,Economy,1,0,0,1188200.00,342740.944,845459.056
136452,SVO,AAQ,Anapa,17.0,2.0,2017.0,0 years 0 mons 0 days 1 hours 40 mins 0.00 secs,100.0,Boeing 737-300,4200,733,130,3.00,1,11,Business,0,0,1,402600.00,34046.13333333333,368553.8666666667
136452,SVO,AAQ,Anapa,17.0,2.0,2017.0,0 years 0 mons 0 days 1 hours 40 mins 0.00 secs,100.0,Boeing 737-300,4200,733,130,29.50,20,98,Economy,1,0,0,1200400.00,336020.5333333334,864379.4666666666
136458,SVO,AAQ,Anapa,2.0,1.0,2017.0,0 years 0 mons 0 days 1 hours 39 mins 0.00 secs,99.0,Boeing 737-300,4200,733,130,3.00,3,9,Business,0,0,1,329400.00,33705.672,295694.328
136458,SVO,AAQ,Anapa,2.0,1.0,2017.0,0 years 0 mons 0 days 1 hours 39 mins 0.00 secs,99.0,Boeing 737-300,4200,733,130,29.50,17,101,Economy,1,0,0,1239400.00,332660.32800000004,906739.672
136463,SVO,AAQ,Anapa,20.0,1.0,2017.0,0 years 0 mons 0 days 1 hours 39 mins 0.00 secs,99.0,Boeing 737-300,4200,733,130,3.00,0,12,Business,0,0,1,439200.00,33705.672,405494.328
136463,SVO,AAQ,Anapa,20.0,1.0,2017.0,0 years 0 mons 0 days 1 hours 39 mins 0.00 secs,99.0,Boeing 737-300,4200,733,130,29.50,8,110,Economy,1,0,0,1349200.00,332660.32800000004,1016539.672
136464,SVO,AAQ,Anapa,9.0,1.0,2017.0,0 years 0 mons 0 days 1 hours 40 mins 0.00 secs,100.0,Boeing 737-300,4200,733,130,3.00,5,7,Business,0,0,1,256200.00,34046.13333333333,222153.86666666667
136464,SVO,AAQ,Anapa,9.0,1.0,2017.0,0 years 0 mons 0 days 1 hours 40 mins 0.00 secs,100.0,Boeing 737-300,4200,733,130,29.50,25,93,Economy,1,0,0,1141800.00,336020.5333333334,805779.4666666666
136465,SVO,AAQ,Anapa,15.0,12.0,2016.0,0 years 0 mons 0 days 1 hours 42 mins 0.00 secs,102.0,Boeing 737-300,4200,733,130,3.00,0,12,Business,0,0,1,439200.00,34727.056,404472.944
136465,SVO,AAQ,Anapa,15.0,12.0,2016.0,0 years 0 mons 0 days 1 hours 42 mins 0.00 secs,102.0,Boeing 737-300,4200,733,130,29.50,0,118,Economy,1,0,0,1446800.00,342740.944,1104059.0559999999
136471,SVO,AAQ,Anapa,17.0,1.0,2017.0,0 years 0 mons 0 days 1 hours 40 mins 0.00 secs,100.0,Boeing 737-300,4200,733,130,3.00,0,12,Business,0,0,1,439200.00,34046.13333333333,405153.8666666667
136471,SVO,AAQ,Anapa,17.0,1.0,2017.0,0 years 0 mons 0 days 1 hours 40 mins 0.00 secs,100.0,Boeing 737-300,4200,733,130,29.50,10,108,Economy,1,0,0,1323600.00,336020.5333333334,987579.4666666666
136474,SVO,AAQ,Anapa,2.0,12.0,2016.0,0 years 0 mons 0 days 1 hours 38 mins 0.00 secs,98.0,Boeing 737-300,4200,733,130,3.00,0,12,Business,0,0,1,439200.00,33365.21066666667,405834.7893333333
136474,SVO,AAQ,Anapa,2.0,12.0,2016.0,0 years 0 mons 0 days 1 hours 38 mins 0.00 secs,98.0,Boeing 737-300,4200,733,130,29.50,0,118,Economy,1,0,0,1446800.00,329300.1226666667,1117499.8773333333
136479,SVO,AAQ,Anapa,21.0,2.0,2017.0,0 years 0 mons 0 days 1 hours 39 mins 0.00 secs,99.0,Boeing 737-300,4200,733,130,3.00,2,10,Business,0,0,1,366000.00,33705.672,332294.328
136479,SVO,AAQ,Anapa,21.0,2.0,2017.0,0 years 0 mons 0 days 1 hours 39 mins 0.00 secs,99.0,Boeing 737-300,4200,733,130,29.50,6,112,Economy,1,0,0,1372400.00,332660.32800000004,1039739.672
136485,SVO,AAQ,Anapa,27.0,1.0,2017.0,0 years 0 mons 0 days 1 hours 40 mins 0.00 secs,100.0,Boeing 737-300,4200,733,130,3.00,3,9,Business,0,0,1,329400.00,34046.13333333333,295353.8666666667
136485,SVO,AAQ,Anapa,27.0,1.0,2017.0,0 years 0 mons 0 days 1 hours 40 mins 0.00 secs,100.0,Boeing 737-300,4200,733,130,29.50,21,97,Economy,1,0,0,1190600.00,336020.5333333334,854579.4666666666
136486,SVO,AAQ,Anapa,2.0,2.0,2017.0,0 years 0 mons 0 days 1 hours 41 mins 0.00 secs,101.0,Boeing 737-300,4200,733,130,3.00,4,8,Business,0,0,1,292800.00,34386.59466666667,258413.40533333333
136486,SVO,AAQ,Anapa,2.0,2.0,2017.0,0 years 0 mons 0 days 1 hours 41 mins 0.00 secs,101.0,Boeing 737-300,4200,733,130,29.50,19,99,Economy,1,0,0,1212600.00,339380.73866666673,873219.2613333333
136491,SVO,AAQ,Anapa,8.0,12.0,2016.0,0 years 0 mons 0 days 1 hours 41 mins 0.00 secs,101.0,Boeing 737-300,4200,733,130,3.00,2,10,Business,0,0,1,366000.00,34386.59466666667,331613.4053333333
136491,SVO,AAQ,Anapa,8.0,12.0,2016.0,0 years 0 mons 0 days 1 hours 41 mins 0.00 secs,101.0,Boeing 737-300,4200,733,130,29.50,25,93,Economy,1,0,0,1139400.00,339380.73866666673,800019.2613333333
136492,SVO,AAQ,Anapa,23.0,12.0,2016.0,0 years 0 mons 0 days 1 hours 40 mins 0.00 secs,100.0,Boeing 737-300,4200,733,130,3.00,2,10,Business,0,0,1,366000.00,34046.13333333333,331953.8666666667
136492,SVO,AAQ,Anapa,23.0,12.0,2016.0,0 years 0 mons 0 days 1 hours 40 mins 0.00 secs,100.0,Boeing 737-300,4200,733,130,29.50,10,108,Economy,1,0,0,1324800.00,336020.5333333334,988779.4666666666
136571,EGO,AAQ,Anapa,25.0,1.0,2017.0,0 years 0 mons 0 days 0 hours 50 mins 0.00 secs,50.0,Sukhoi Superjet-100,3000,SU9,97,3.00,0,12,Business,0,0,1,226800.00,15001.933333333334,211798.06666666665
136571,EGO,AAQ,Anapa,25.0,1.0,2017.0,0 years 0 mons 0 days 0 hours 50 mins 0.00 secs,50.0,Sukhoi Superjet-100,3000,SU9,97,21.25,2,83,Economy,1,0,0,525900.00,105981.40000000001,419918.6
136586,EGO,AAQ,Anapa,10.0,1.0,2017.0,0 years 0 mons 0 days 0 hours 50 mins 0.00 secs,50.0,Sukhoi Superjet-100,3000,SU9,97,3.00,0,12,Business,0,0,1,226800.00,15001.933333333334,211798.06666666665
136586,EGO,AAQ,Anapa,10.0,1.0,2017.0,0 years 0 mons 0 days 0 hours 50 mins 0.00 secs,50.0,Sukhoi Superjet-100,3000,SU9,97,21.25,1,84,Economy,1,0,0,532200.00,105981.40000000001,426218.6
136592,EGO,AAQ,Anapa,25.0,12.0,2016.0,0 years 0 mons 0 days 0 hours 50 mins 0.00 secs,50.0,Sukhoi Superjet-100,3000,SU9,97,3.00,3,9,Business,0,0,1,170100.00,15001.933333333334,155098.06666666665
136592,EGO,AAQ,Anapa,25.0,12.0,2016.0,0 years 0 mons 0 days 0 hours 50 mins 0.00 secs,50.0,Sukhoi Superjet-100,3000,SU9,97,21.25,5,80,Economy,1,0,0,507000.00,105981.40000000001,401018.6
136600,EGO,AAQ,Anapa,8.0,2.0,2017.0,0 years 0 mons 0 days 0 hours 50 mins 0.00 secs,50.0,Sukhoi Superjet-100,3000,SU9,97,3.00,0,12,Business,0,0,1,226800.00,15001.933333333334,211798.06666666665
136600,EGO,AAQ,Anapa,8.0,2.0,2017.0,0 years 0 mons 0 days 0 hours 50 mins 0.00 secs,50.0,Sukhoi Superjet-100,3000,SU9,97,21.25,0,85,Economy,1,0,0,538500.00,105981.40000000001,432518.6
136605,EGO,AAQ,Anapa,15.0,2.0,2017.0,0 years 0 mons 0 days 0 hours 51 mins 0.00 secs,51.0,Sukhoi Superjet-100,3000,SU9,97,3.00,0,12,Business,0,0,1,226800.00,15301.972000000002,211498.028
136605,EGO,AAQ,Anapa,15.0,2.0,2017.0,0 years 0 mons 0 days 0 hours 51 mins 0.00 secs,51.0,Sukhoi Superjet-100,3000,SU9,97,21.25,0,85,Economy,1,0,0,538500.00,108101.028,430398.972
136609,EGO,AAQ,Anapa,8.0,1.0,2017.0,0 years 0 mons 0 days 0 hours 50 mins 0.00 secs,50.0,Sukhoi Superjet-100,3000,SU9,97,3.00,2,10,Business,0,0,1,189000.00,15001.933333333334,173998.06666666665
136609,EGO,AAQ,Anapa,8.0,1.0,2017.0,0 years 0 mons 0 days 0 hours 50 mins 0.00 secs,50.0,Sukhoi Superjet-100,3000,SU9,97,21.25,14,71,Economy,1,0,0,450300.00,105981.40000000001,344318.6
136612,EGO,AAQ,Anapa,21.0,2.0,2017.0,0 years 0 mons 0 days 0 hours 50 mins 0.00 secs,50.0,Sukhoi Superjet-100,3000,SU9,97,3.00,0,12,Business,0,0,1,226800.00,15001.933333333334,211798.06666666665
136612,EGO,AAQ,Anapa,21.0,2.0,2017.0,0 years 0 mons 0 days 0 hours 50 mins 0.00 secs,50.0,Sukhoi Superjet-100,3000,SU9,97,21.25,3,82,Economy,1,0,0,519600.00,105981.40000000001,413618.6
136617,EGO,AAQ,Anapa,27.0,12.0,2016.0,0 years 0 mons 0 days 0 hours 50 mins 0.00 secs,50.0,Sukhoi Superjet-100,3000,SU9,97,3.00,0,12,Business,0,0,1,226800.00,15001.933333333334,211798.06666666665
136617,EGO,AAQ,Anapa,27.0,12.0,2016.0,0 years 0 mons 0 days 0 hours 50 mins 0.00 secs,50.0,Sukhoi Superjet-100,3000,SU9,97,21.25,0,85,Economy,1,0,0,538500.00,105981.40000000001,432518.6
136620,EGO,AAQ,Anapa,17.0,2.0,2017.0,0 years 0 mons 0 days 0 hours 49 mins 0.00 secs,49.0,Sukhoi Superjet-100,3000,SU9,97,3.00,3,9,Business,0,0,1,170100.00,14701.894666666667,155398.10533333334
136620,EGO,AAQ,Anapa,17.0,2.0,2017.0,0 years 0 mons 0 days 0 hours 49 mins 0.00 secs,49.0,Sukhoi Superjet-100,3000,SU9,97,21.25,15,70,Economy,1,0,0,443400.00,103861.772,339538.228
136630,EGO,AAQ,Anapa,25.0,2.0,2017.0,0 years 0 mons 0 days 0 hours 50 mins 0.00 secs,50.0,Sukhoi Superjet-100,3000,SU9,97,3.00,0,12,Business,0,0,1,226800.00,15001.933333333334,211798.06666666665
136630,EGO,AAQ,Anapa,25.0,2.0,2017.0,0 years 0 mons 0 days 0 hours 50 mins 0.00 secs,50.0,Sukhoi Superjet-100,3000,SU9,97,21.25,3,82,Economy,1,0,0,519600.00,105981.40000000001,413618.6
136631,EGO,AAQ,Anapa,22.0,12.0,2016.0,0 years 0 mons 0 days 0 hours 50 mins 0.00 secs,50.0,Sukhoi Superjet-100,3000,SU9,97,3.00,0,12,Business,0,0,1,226800.00,15001.933333333334,211798.06666666665
136631,EGO,AAQ,Anapa,22.0,12.0,2016.0,0 years 0 mons 0 days 0 hours 50 mins 0.00 secs,50.0,Sukhoi Superjet-100,3000,SU9,97,21.25,7,78,Economy,1,0,0,494400.00,105981.40000000001,388418.6
136632,EGO,AAQ,Anapa,7.0,1.0,2017.0,0 years 0 mons 0 days 0 hours 51 mins 0.00 secs,51.0,Sukhoi Superjet-100,3000,SU9,97,3.00,1,11,Business,0,0,1,207900.00,15301.972000000002,192598.028
136632,EGO,AAQ,Anapa,7.0,1.0,2017.0,0 years 0 mons 0 days 0 hours 51 mins 0.00 secs,51.0,Sukhoi Superjet-100,3000,SU9,97,21.25,5,80,Economy,1,0,0,506400.00,108101.028,398298.972
136642,EGO,AAQ,Anapa,30.0,1.0,2017.0,0 years 0 mons 0 days 0 hours 49 mins 0.00 secs,49.0,Sukhoi Superjet-100,3000,SU9,97,3.00,2,10,Business,0,0,1,189000.00,14701.894666666667,174298.10533333334
136642,EGO,AAQ,Anapa,30.0,1.0,2017.0,0 years 0 mons 0 days 0 hours 49 mins 0.00 secs,49.0,Sukhoi Superjet-100,3000,SU9,97,21.25,31,54,Economy,1,0,0,342000.00,103861.772,238138.228
136645,EGO,AAQ,Anapa,5.0,1.0,2017.0,0 years 0 mons 0 days 0 hours 51 mins 0.00 secs,51.0,Sukhoi Superjet-100,3000,SU9,97,3.00,3,9,Business,0,0,1,170100.00,15301.972000000002,154798.028
136645,EGO,AAQ,Anapa,5.0,1.0,2017.0,0 years 0 mons 0 days 0 hours 51 mins 0.00 secs,51.0,Sukhoi Superjet-100,3000,SU9,97,21.25,12,73,Economy,1,0,0,462900.00,108101.028,354798.972
136649,EGO,AAQ,Anapa,18.0,1.0,2017.0,0 years 0 mons 0 days 0 hours 50 mins 0.00 secs,50.0,Sukhoi Superjet-100,3000,SU9,97,3.00,0,12,Business,0,0,1,226800.00,15001.933333333334,211798.06666666665
136649,EGO,AAQ,Anapa,18.0,1.0,2017.0,0 years 0 mons 0 days 0 hours 50 mins 0.00 secs,50.0,Sukhoi Superjet-100,3000,SU9,97,21.25,1,84,Economy,1,0,0,532200.00,105981.40000000001,426218.6
136653,EGO,AAQ,Anapa,24.0,12.0,2016.0,0 years 0 mons 0 days 0 hours 50 mins 0.00 secs,50.0,Sukhoi Superjet-100,3000,SU9,97,3.00,1,11,Business,0,0,1,207900.00,15001.933333333334,192898.06666666665
136653,EGO,AAQ,Anapa,24.0,12.0,2016.0,0 years 0 mons 0 days 0 hours 50 mins 0.00 secs,50.0,Sukhoi Superjet-100,3000,SU9,97,21.25,7,78,Economy,1,0,0,493800.00,105981.40000000001,387818.6
136654,EGO,AAQ,Anapa,19.0,1.0,2017.0,0 years 0 mons 0 days 0 hours 49 mins 0.00 secs,49.0,Sukhoi Superjet-100,3000,SU9,97,3.00,0,12,Business,0,0,1,226800.00,14701.894666666667,212098.10533333334
136654,EGO,AAQ,Anapa,19.0,1.0,2017.0,0 years 0 mons 0 days 0 hours 49 mins 0.00 secs,49.0,Sukhoi Superjet-100,3000,SU9,97,21.25,1,84,Economy,1,0,0,532200.00,103861.772,428338.228
136660,EGO,AAQ,Anapa,20.0,2.0,2017.0,0 years 0 mons 0 days 0 hours 49 mins 0.00 secs,49.0,Sukhoi Superjet-100,3000,SU9,97,3.00,2,10,Business,0,0,1,189000.00,14701.894666666667,174298.10533333334
136660,EGO,AAQ,Anapa,20.0,2.0,2017.0,0 years 0 mons 0 days 0 hours 49 mins 0.00 secs,49.0,Sukhoi Superjet-100,3000,SU9,97,21.25,8,77,Economy,1,0,0,488100.00,103861.772,384238.228
136661,EGO,AAQ,Anapa,1.0,1.0,2017.0,0 years 0 mons 0 days 0 hours 50 mins 0.00 secs,50.0,Sukhoi Superjet-100,3000,SU9,97,3.00,0,12,Business,0,0,1,226800.00,15001.933333333334,211798.06666666665
136661,EGO,AAQ,Anapa,1.0,1.0,2017.0,0 years 0 mons 0 days 0 hours 50 mins 0.00 secs,50.0,Sukhoi Superjet-100,3000,SU9,97,21.25,1,84,Economy,1,0,0,532200.00,105981.40000000001,426218.6
136666,EGO,AAQ,Anapa,9.0,2.0,2017.0,0 years 0 mons 0 days 0 hours 50 mins 0.00 secs,50.0,Sukhoi Superjet-100,3000,SU9,97,3.00,3,9,Business,0,0,1,170100.00,15001.933333333334,155098.06666666665
136666,EGO,AAQ,Anapa,9.0,2.0,2017.0,0 years 0 mons 0 days 0 hours 50 mins 0.00 secs,50.0,Sukhoi Superjet-100,3000,SU9,97,21.25,7,78,Economy,1,0,0,494400.00,105981.40000000001,388418.6
136669,EGO,AAQ,Anapa,17.0,1.0,2017.0,0 years 0 mons 0 days 0 hours 51 mins 0.00 secs,51.0,Sukhoi Superjet-100,3000,SU9,97,3.00,0,12,Business,0,0,1,226800.00,15301.972000000002,211498.028
136669,EGO,AAQ,Anapa,17.0,1.0,2017.0,0 years 0 mons 0 days 0 hours 51 mins 0.00 secs,51.0,Sukhoi Superjet-100,3000,SU9,97,21.25,2,83,Economy,1,0,0,525900.00,108101.028,417798.972
136672,EGO,AAQ,Anapa,3.0,2.0,2017.0,0 years 0 mons 0 days 0 hours 50 mins 0.00 secs,50.0,Sukhoi Superjet-100,3000,SU9,97,3.00,0,12,Business,0,0,1,226800.00,15001.933333333334,211798.06666666665
136672,EGO,AAQ,Anapa,3.0,2.0,2017.0,0 years 0 mons 0 days 0 hours 50 mins 0.00 secs,50.0,Sukhoi Superjet-100,3000,SU9,97,21.25,1,84,Economy,1,0,0,532200.00,105981.40000000001,426218.6
136678,EGO,AAQ,Anapa,28.0,1.0,2017.0,0 years 0 mons 0 days 0 hours 50 mins 0.00 secs,50.0,Sukhoi Superjet-100,3000,SU9,97,3.00,2,10,Business,0,0,1,189000.00,15001.933333333334,173998.06666666665
136678,EGO,AAQ,Anapa,28.0,1.0,2017.0,0 years 0 mons 0 days 0 hours 50 mins 0.00 secs,50.0,Sukhoi Superjet-100,3000,SU9,97,21.25,15,70,Economy,1,0,0,442200.00,105981.40000000001,336218.6
136680,EGO,AAQ,Anapa,26.0,12.0,2016.0,0 years 0 mons 0 days 0 hours 50 mins 0.00 secs,50.0,Sukhoi Superjet-100,3000,SU9,97,3.00,0,12,Business,0,0,1,226800.00,15001.933333333334,211798.06666666665
136680,EGO,AAQ,Anapa,26.0,12.0,2016.0,0 years 0 mons 0 days 0 hours 50 mins 0.00 secs,50.0,Sukhoi Superjet-100,3000,SU9,97,21.25,5,80,Economy,1,0,0,507000.00,105981.40000000001,401018.6
136688,EGO,AAQ,Anapa,15.0,12.0,2016.0,0 years 0 mons 0 days 0 hours 50 mins 0.00 secs,50.0,Sukhoi Superjet-100,3000,SU9,97,3.00,2,10,Business,0,0,1,189000.00,15001.933333333334,173998.06666666665
136688,EGO,AAQ,Anapa,15.0,12.0,2016.0,0 years 0 mons 0 days 0 hours 50 mins 0.00 secs,50.0,Sukhoi Superjet-100,3000,SU9,97,21.25,6,79,Economy,1,0,0,500700.00,105981.40000000001,394718.6
136691,EGO,AAQ,Anapa,13.0,12.0,2016.0,0 years 0 mons 0 days 0 hours 49 mins 0.00 secs,49.0,Sukhoi Superjet-100,3000,SU9,97,3.00,1,11,Business,0,0,1,207900.00,14701.894666666667,193198.10533333334
136691,EGO,AAQ,Anapa,13.0,12.0,2016.0,0 years 0 mons 0 days 0 hours 49 mins 0.00 secs,49.0,Sukhoi Superjet-100,3000,SU9,97,21.25,9,76,Economy,1,0,0,481800.00,103861.772,377938.228
136698,EGO,AAQ,Anapa,1.0,12.0,2016.0,0 years 0 mons 0 days 0 hours 49 mins 0.00 secs,49.0,Sukhoi Superjet-100,3000,SU9,97,3.00,0,12,Business,0,0,1,226800.00,14701.894666666667,212098.10533333334
136698,EGO,AAQ,Anapa,1.0,12.0,2016.0,0 years 0 mons 0 days 0 hours 49 mins 0.00 secs,49.0,Sukhoi Superjet-100,3000,SU9,97,21.25,3,82,Economy,1,0,0,519600.00,103861.772,415738.228
136702,EGO,AAQ,Anapa,23.0,12.0,2016.0,0 years 0 mons 0 days 0 hours 50 mins 0.00 secs,50.0,Sukhoi Superjet-100,3000,SU9,97,3.00,1,11,Business,0,0,1,207900.00,15001.933333333334,192898.06666666665
136702,EGO,AAQ,Anapa,23.0,12.0,2016.0,0 years 0 mons 0 days 0 hours 50 mins 0.00 secs,50.0,Sukhoi Superjet-100,3000,SU9,97,21.25,12,73,Economy,1,0,0,462900.00,105981.40000000001,356918.6
136706,EGO,AAQ,Anapa,6.0,1.0,2017.0,0 years 0 mons 0 days 0 hours 50 mins 0.00 secs,50.0,Sukhoi Superjet-100,3000,SU9,97,3.00,1,11,Business,0,0,1,207900.00,15001.933333333334,192898.06666666665
136706,EGO,AAQ,Anapa,6.0,1.0,2017.0,0 years 0 mons 0 days 0 hours 50 mins 0.00 secs,50.0,Sukhoi Superjet-100,3000,SU9,97,21.25,1,84,Economy,1,0,0,532200.00,105981.40000000001,426218.6
136709,EGO,AAQ,Anapa,15.0,1.0,2017.0,0 years 0 mons 0 days 0 hours 50 mins 0.00 secs,50.0,Sukhoi Superjet-100,3000,SU9,97,3.00,1,11,Business,0,0,1,207900.00,15001.933333333334,192898.06666666665
136709,EGO,AAQ,Anapa,15.0,1.0,2017.0,0 years 0 mons 0 days 0 hours 50 mins 0.00 secs,50.0,Sukhoi Superjet-100,3000,SU9,97,21.25,9,76,Economy,1,0,0,481800.00,105981.40000000001,375818.6
136720,EGO,AAQ,Anapa,26.0,1.0,2017.0,0 years 0 mons 0 days 0 hours 50 mins 0.00 secs,50.0,Sukhoi Superjet-100,3000,SU9,97,3.00,0,12,Business,0,0,1,226800.00,15001.933333333334,211798.06666666665
136720,EGO,AAQ,Anapa,26.0,1.0,2017.0,0 years 0 mons 0 days 0 hours 50 mins 0.00 secs,50.0,Sukhoi Superjet-100,3000,SU9,97,21.25,2,83,Economy,1,0,0,525900.00,105981.40000000001,419918.6
136725,EGO,AAQ,Anapa,19.0,12.0,2016.0,0 years 0 mons 0 days 0 hours 49 mins 0.00 secs,49.0,Sukhoi Superjet-100,3000,SU9,97,3.00,3,9,Business,0,0,1,170100.00,14701.894666666667,155398.10533333334
136725,EGO,AAQ,Anapa,19.0,12.0,2016.0,0 years 0 mons 0 days 0 hours 49 mins 0.00 secs,49.0,Sukhoi Superjet-100,3000,SU9,97,21.25,2,83,Economy,1,0,0,525900.00,103861.772,422038.228
136729,EGO,AAQ,Anapa,29.0,1.0,2017.0,0 years 0 mons 0 days 0 hours 50 mins 0.00 secs,50.0,Sukhoi Superjet-100,3000,SU9,97,3.00,1,11,Business,0,0,1,207900.00,15001.933333333334,192898.06666666665
136729,EGO,AAQ,Anapa,29.0,1.0,2017.0,0 years 0 mons 0 days 0 hours 50 mins 0.00 secs,50.0,Sukhoi Superjet-100,3000,SU9,97,21.25,8,77,Economy,1,0,0,487500.00,105981.40000000001,381518.6
136733,EGO,AAQ,Anapa,9.0,1.0,2017.0,0 years 0 mons 0 days 0 hours 51 mins 0.00 secs,51.0,Sukhoi Superjet-100,3000,SU9,97,3.00,0,12,Business,0,0,1,226800.00,15301.972000000002,211498.028
136733,EGO,AAQ,Anapa,9.0,1.0,2017.0,0 years 0 mons 0 days 0 hours 51 mins 0.00 secs,51.0,Sukhoi Superjet-100,3000,SU9,97,21.25,3,82,Economy,1,0,0,519600.00,108101.028,411498.972
136738,EGO,AAQ,Anapa,20.0,12.0,2016.0,0 years 0 mons 0 days 0 hours 49 mins 0.00 secs,49.0,Sukhoi Superjet-100,3000,SU9,97,3.00,1,11,Business,0,0,1,207900.00,14701.894666666667,193198.10533333334
136738,EGO,AAQ,Anapa,20.0,12.0,2016.0,0 years 0 mons 0 days 0 hours 49 mins 0.00 secs,49.0,Sukhoi Superjet-100,3000,SU9,97,21.25,9,76,Economy,1,0,0,481800.00,103861.772,377938.228
136742,EGO,AAQ,Anapa,18.0,12.0,2016.0,0 years 0 mons 0 days 0 hours 50 mins 0.00 secs,50.0,Sukhoi Superjet-100,3000,SU9,97,3.00,0,12,Business,0,0,1,226800.00,15001.933333333334,211798.06666666665
136742,EGO,AAQ,Anapa,18.0,12.0,2016.0,0 years 0 mons 0 days 0 hours 50 mins 0.00 secs,50.0,Sukhoi Superjet-100,3000,SU9,97,21.25,0,85,Economy,1,0,0,538500.00,105981.40000000001,432518.6
136754,EGO,AAQ,Anapa,6.0,2.0,2017.0,0 years 0 mons 0 days 0 hours 49 mins 0.00 secs,49.0,Sukhoi Superjet-100,3000,SU9,97,3.00,0,12,Business,0,0,1,226800.00,14701.894666666667,212098.10533333334
136754,EGO,AAQ,Anapa,6.0,2.0,2017.0,0 years 0 mons 0 days 0 hours 49 mins 0.00 secs,49.0,Sukhoi Superjet-100,3000,SU9,97,21.25,7,78,Economy,1,0,0,494400.00,103861.772,390538.228
136755,EGO,AAQ,Anapa,21.0,1.0,2017.0,0 years 0 mons 0 days 0 hours 50 mins 0.00 secs,50.0,Sukhoi Superjet-100,3000,SU9,97,3.00,0,12,Business,0,0,1,226800.00,15001.933333333334,211798.06666666665
136755,EGO,AAQ,Anapa,21.0,1.0,2017.0,0 years 0 mons 0 days 0 hours 50 mins 0.00 secs,50.0,Sukhoi Superjet-100,3000,SU9,97,21.25,0,85,Economy,1,0,0,538500.00,105981.40000000001,432518.6
136757,EGO,AAQ,Anapa,27.0,1.0,2017.0,0 years 0 mons 0 days 0 hours 49 mins 0.00 secs,49.0,Sukhoi Superjet-100,3000,SU9,97,3.00,0,12,Business,0,0,1,226800.00,14701.894666666667,212098.10533333334
136757,EGO,AAQ,Anapa,27.0,1.0,2017.0,0 years 0 mons 0 days 0 hours 49 mins 0.00 secs,49.0,Sukhoi Superjet-100,3000,SU9,97,21.25,0,85,Economy,1,0,0,538500.00,103861.772,434638.228
136758,EGO,AAQ,Anapa,12.0,1.0,2017.0,0 years 0 mons 0 days 0 hours 49 mins 0.00 secs,49.0,Sukhoi Superjet-100,3000,SU9,97,3.00,0,12,Business,0,0,1,226800.00,14701.894666666667,212098.10533333334
136758,EGO,AAQ,Anapa,12.0,1.0,2017.0,0 years 0 mons 0 days 0 hours 49 mins 0.00 secs,49.0,Sukhoi Superjet-100,3000,SU9,97,21.25,0,85,Economy,1,0,0,538500.00,103861.772,434638.228
136767,EGO,AAQ,Anapa,23.0,1.0,2017.0,0 years 0 mons 0 days 0 hours 51 mins 0.00 secs,51.0,Sukhoi Superjet-100,3000,SU9,97,3.00,2,10,Business,0,0,1,189000.00,15301.972000000002,173698.028
136767,EGO,AAQ,Anapa,23.0,1.0,2017.0,0 years 0 mons 0 days 0 hours 51 mins 0.00 secs,51.0,Sukhoi Superjet-100,3000,SU9,97,21.25,12,73,Economy,1,0,0,462300.00,108101.028,354198.972
136768,EGO,AAQ,Anapa,8.0,12.0,2016.0,0 years 0 mons 0 days 0 hours 50 mins 0.00 secs,50.0,Sukhoi Superjet-100,3000,SU9,97,3.00,0,12,Business,0,0,1,226800.00,15001.933333333334,211798.06666666665
136768,EGO,AAQ,Anapa,8.0,12.0,2016.0,0 years 0 mons 0 days 0 hours 50 mins 0.00 secs,50.0,Sukhoi Superjet-100,3000,SU9,97,21.25,0,85,Economy,1,0,0,538500.00,105981.40000000001,432518.6
136769,EGO,AAQ,Anapa,10.0,2.0,2017.0,0 years 0 mons 0 days 0 hours 51 mins 0.00 secs,51.0,Sukhoi Superjet-100,3000,SU9,97,3.00,1,11,Business,0,0,1,207900.00,15301.972000000002,192598.028
136769,EGO,AAQ,Anapa,10.0,2.0,2017.0,0 years 0 mons 0 days 0 hours 51 mins 0.00 secs,51.0,Sukhoi Superjet-100,3000,SU9,97,21.25,8,77,Economy,1,0,0,488100.00,108101.028,379998.972
136771,EGO,AAQ,Anapa,17.0,12.0,2016.0,0 years 0 mons 0 days 0 hours 49 mins 0.00 secs,49.0,Sukhoi Superjet-100,3000,SU9,97,3.00,1,11,Business,0,0,1,207900.00,14701.894666666667,193198.10533333334
136771,EGO,AAQ,Anapa,17.0,12.0,2016.0,0 years 0 mons 0 days 0 hours 49 mins 0.00 secs,49.0,Sukhoi Superjet-100,3000,SU9,97,21.25,14,71,Economy,1,0,0,449100.00,103861.772,345238.228
136774,EGO,AAQ,Anapa,2.0,12.0,2016.0,0 years 0 mons 0 days 0 hours 50 mins 0.00 secs,50.0,Sukhoi Superjet-100,3000,SU9,97,3.00,0,12,Business,0,0,1,226800.00,15001.933333333334,211798.06666666665
136774,EGO,AAQ,Anapa,2.0,12.0,2016.0,0 years 0 mons 0 days 0 hours 50 mins 0.00 secs,50.0,Sukhoi Superjet-100,3000,SU9,97,21.25,4,81,Economy,1,0,0,513300.00,105981.40000000001,407318.6
136778,EGO,AAQ,Anapa,22.0,2.0,2017.0,0 years 0 mons 0 days 0 hours 50 mins 0.00 secs,50.0,Sukhoi Superjet-100,3000,SU9,97,3.00,0,12,Business,0,0,1,226800.00,15001.933333333334,211798.06666666665
136778,EGO,AAQ,Anapa,22.0,2.0,2017.0,0 years 0 mons 0 days 0 hours 50 mins 0.00 secs,50.0,Sukhoi Superjet-100,3000,SU9,97,21.25,1,84,Economy,1,0,0,532200.00,105981.40000000001,426218.6
136780,EGO,AAQ,Anapa,24.0,2.0,2017.0,0 years 0 mons 0 days 0 hours 50 mins 0.00 secs,50.0,Sukhoi Superjet-100,3000,SU9,97,3.00,0,12,Business,0,0,1,226800.00,15001.933333333334,211798.06666666665
136780,EGO,AAQ,Anapa,24.0,2.0,2017.0,0 years 0 mons 0 days 0 hours 50 mins 0.00 secs,50.0,Sukhoi Superjet-100,3000,SU9,97,21.25,8,77,Economy,1,0,0,488100.00,105981.40000000001,382118.6
136781,EGO,AAQ,Anapa,14.0,1.0,2017.0,0 years 0 mons 0 days 0 hours 50 mins 0.00 secs,50.0,Sukhoi Superjet-100,3000,SU9,97,3.00,0,12,Business,0,0,1,226800.00,15001.933333333334,211798.06666666665
136781,EGO,AAQ,Anapa,14.0,1.0,2017.0,0 years 0 mons 0 days 0 hours 50 mins 0.00 secs,50.0,Sukhoi Superjet-100,3000,SU9,97,21.25,0,85,Economy,1,0,0,538500.00,105981.40000000001,432518.6
136785,EGO,AAQ,Anapa,29.0,12.0,2016.0,0 years 0 mons 0 days 0 hours 51 mins 0.00 secs,51.0,Sukhoi Superjet-100,3000,SU9,97,3.00,0,12,Business,0,0,1,226800.00,15301.972000000002,211498.028
136785,EGO,AAQ,Anapa,29.0,12.0,2016.0,0 years 0 mons 0 days 0 hours 51 mins 0.00 secs,51.0,Sukhoi Superjet-100,3000,SU9,97,21.25,0,85,Economy,1,0,0,538500.00,108101.028,430398.972
136793,EGO,AAQ,Anapa,6.0,12.0,2016.0,0 years 0 mons 0 days 0 hours 50 mins 0.00 secs,50.0,Sukhoi Superjet-100,3000,SU9,97,3.00,0,12,Business,0,0,1,226800.00,15001.933333333334,211798.06666666665
136793,EGO,AAQ,Anapa,6.0,12.0,2016.0,0 years 0 mons 0 days 0 hours 50 mins 0.00 secs,50.0,Sukhoi Superjet-100,3000,SU9,97,21.25,0,85,Economy,1,0,0,538500.00,105981.40000000001,432518.6
136800,EGO,AAQ,Anapa,9.0,12.0,2016.0,0 years 0 mons 0 days 0 hours 51 mins 0.00 secs,51.0,Sukhoi Superjet-100,3000,SU9,97,3.00,2,10,Business,0,0,1,189000.00,15301.972000000002,173698.028
136800,EGO,AAQ,Anapa,9.0,12.0,2016.0,0 years 0 mons 0 days 0 hours 51 mins 0.00 secs,51.0,Sukhoi Superjet-100,3000,SU9,97,21.25,13,72,Economy,1,0,0,456000.00,108101.028,347898.972
136801,EGO,AAQ,Anapa,30.0,12.0,2016.0,0 years 0 mons 0 days 0 hours 50 mins 0.00 secs,50.0,Sukhoi Superjet-100,3000,SU9,97,3.00,0,12,Business,0,0,1,226800.00,15001.933333333334,211798.06666666665
136801,EGO,AAQ,Anapa,30.0,12.0,2016.0,0 years 0 mons 0 days 0 hours 50 mins 0.00 secs,50.0,Sukhoi Superjet-100,3000,SU9,97,21.25,0,85,Economy,1,0,0,538500.00,105981.40000000001,432518.6
136802,EGO,AAQ,Anapa,26.0,2.0,2017.0,0 years 0 mons 0 days 0 hours 50 mins 0.00 secs,50.0,Sukhoi Superjet-100,3000,SU9,97,3.00,1,11,Business,0,0,1,207900.00,15001.933333333334,192898.06666666665
136802,EGO,AAQ,Anapa,26.0,2.0,2017.0,0 years 0 mons 0 days 0 hours 50 mins 0.00 secs,50.0,Sukhoi Superjet-100,3000,SU9,97,21.25,0,85,Economy,1,0,0,538500.00,105981.40000000001,432518.6
136805,EGO,AAQ,Anapa,7.0,12.0,2016.0,0 years 0 mons 0 days 0 hours 50 mins 0.00 secs,50.0,Sukhoi Superjet-100,3000,SU9,97,3.00,1,11,Business,0,0,1,207900.00,15001.933333333334,192898.06666666665
136805,EGO,AAQ,Anapa,7.0,12.0,2016.0,0 years 0 mons 0 days 0 hours 50 mins 0.00 secs,50.0,Sukhoi Superjet-100,3000,SU9,97,21.25,0,85,Economy,1,0,0,538500.00,105981.40000000001,432518.6
136807,EGO,AAQ,Anapa,23.0,2.0,2017.0,0 years 0 mons 0 days 0 hours 50 mins 0.00 secs,50.0,Sukhoi Superjet-100,3000,SU9,97,3.00,4,8,Business,0,0,1,151200.00,15001.933333333334,136198.06666666665
136807,EGO,AAQ,Anapa,23.0,2.0,2017.0,0 years 0 mons 0 days 0 hours 50 mins 0.00 secs,50.0,Sukhoi Superjet-100,3000,SU9,97,21.25,25,60,Economy,1,0,0,379800.00,105981.40000000001,273818.6
136815,EGO,AAQ,Anapa,19.0,2.0,2017.0,0 years 0 mons 0 days 0 hours 51 mins 0.00 secs,51.0,Sukhoi Superjet-100,3000,SU9,97,3.00,0,12,Business,0,0,1,226800.00,15301.972000000002,211498.028
136815,EGO,AAQ,Anapa,19.0,2.0,2017.0,0 years 0 mons 0 days 0 hours 51 mins 0.00 secs,51.0,Sukhoi Superjet-100,3000,SU9,97,21.25,0,85,Economy,1,0,0,538500.00,108101.028,430398.972
136819,EGO,AAQ,Anapa,4.0,1.0,2017.0,0 years 0 mons 0 days 0 hours 50 mins 0.00 secs,50.0,Sukhoi Superjet-100,3000,SU9,97,3.00,0,12,Business,0,0,1,226800.00,15001.933333333334,211798.06666666665
136819,EGO,AAQ,Anapa,4.0,1.0,2017.0,0 years 0 mons 0 days 0 hours 50 mins 0.00 secs,50.0,Sukhoi Superjet-100,3000,SU9,97,21.25,1,84,Economy,1,0,0,532200.00,105981.40000000001,426218.6
136823,EGO,AAQ,Anapa,5.0,2.0,2017.0,0 years 0 mons 0 days 0 hours 51 mins 0.00 secs,51.0,Sukhoi Superjet-100,3000,SU9,97,3.00,2,10,Business,0,0,1,189000.00,15301.972000000002,173698.028
136823,EGO,AAQ,Anapa,5.0,2.0,2017.0,0 years 0 mons 0 days 0 hours 51 mins 0.00 secs,51.0,Sukhoi Superjet-100,3000,SU9,97,21.25,17,68,Economy,1,0,0,431400.00,108101.028,323298.972
136827,EGO,AAQ,Anapa,18.0,2.0,2017.0,0 years 0 mons 0 days 0 hours 51 mins 0.00 secs,51.0,Sukhoi Superjet-100,3000,SU9,97,3.00,0,12,Business,0,0,1,226800.00,15301.972000000002,211498.028
136827,EGO,AAQ,Anapa,18.0,2.0,2017.0,0 years 0 mons 0 days 0 hours 51 mins 0.00 secs,51.0,Sukhoi Superjet-100,3000,SU9,97,21.25,0,85,Economy,1,0,0,538500.00,108101.028,430398.972
136838,EGO,AAQ,Anapa,24.0,1.0,2017.0,0 years 0 mons 0 days 0 hours 51 mins 0.00 secs,51.0,Sukhoi Superjet-100,3000,SU9,97,3.00,2,10,Business,0,0,1,189000.00,15301.972000000002,173698.028
136838,EGO,AAQ,Anapa,24.0,1.0,2017.0,0 years 0 mons 0 days 0 hours 51 mins 0.00 secs,51.0,Sukhoi Superjet-100,3000,SU9,97,21.25,9,76,Economy,1,0,0,481200.00,108101.028,373098.972
136841,EGO,AAQ,Anapa,7.0,2.0,2017.0,0 years 0 mons 0 days 0 hours 51 mins 0.00 secs,51.0,Sukhoi Superjet-100,3000,SU9,97,3.00,0,12,Business,0,0,1,226800.00,15301.972000000002,211498.028
136841,EGO,AAQ,Anapa,7.0,2.0,2017.0,0 years 0 mons 0 days 0 hours 51 mins 0.00 secs,51.0,Sukhoi Superjet-100,3000,SU9,97,21.25,0,85,Economy,1,0,0,538500.00,108101.028,430398.972
136843,EGO,AAQ,Anapa,4.0,12.0,2016.0,0 years 0 mons 0 days 0 hours 50 mins 0.00 secs,50.0,Sukhoi Superjet-100,3000,SU9,97,3.00,1,11,Business,0,0,1,207900.00,15001.933333333334,192898.06666666665
136843,EGO,AAQ,Anapa,4.0,12.0,2016.0,0 years 0 mons 0 days 0 hours 50 mins 0.00 secs,50.0,Sukhoi Superjet-100,3000,SU9,97,21.25,18,67,Economy,1,0,0,424500.00,105981.40000000001,318518.6
136844,EGO,AAQ,Anapa,28.0,2.0,2017.0,0 years 0 mons 0 days 0 hours 50 mins 0.00 secs,50.0,Sukhoi Superjet-100,3000,SU9,97,3.00,6,6,Business,0,0,1,113400.00,15001.933333333334,98398.06666666667
136844,EGO,AAQ,Anapa,28.0,2.0,2017.0,0 years 0 mons 0 days 0 hours 50 mins 0.00 secs,50.0,Sukhoi Superjet-100,3000,SU9,97,21.25,12,73,Economy,1,0,0,461700.00,105981.40000000001,355718.6
136855,EGO,AAQ,Anapa,11.0,1.0,2017.0,0 years 0 mons 0 days 0 hours 50 mins 0.00 secs,50.0,Sukhoi Superjet-100,3000,SU9,97,3.00,0,12,Business,0,0,1,226800.00,15001.933333333334,211798.06666666665
136855,EGO,AAQ,Anapa,11.0,1.0,2017.0,0 years 0 mons 0 days 0 hours 50 mins 0.00 secs,50.0,Sukhoi Superjet-100,3000,SU9,97,21.25,10,75,Economy,1,0,0,475500.00,105981.40000000001,369518.6
136857,EGO,AAQ,Anapa,13.0,2.0,2017.0,0 years 0 mons 0 days 0 hours 50 mins 0.00 secs,50.0,Sukhoi Superjet-100,3000,SU9,97,3.00,0,12,Business,0,0,1,226800.00,15001.933333333334,211798.06666666665
136857,EGO,AAQ,Anapa,13.0,2.0,2017.0,0 years 0 mons 0 days 0 hours 50 mins 0.00 secs,50.0,Sukhoi Superjet-100,3000,SU9,97,21.25,0,85,Economy,1,0,0,538500.00,105981.40000000001,432518.6
136861,EGO,AAQ,Anapa,12.0,2.0,2017.0,0 years 0 mons 0 days 0 hours 49 mins 0.00 secs,49.0,Sukhoi Superjet-100,3000,SU9,97,3.00,1,11,Business,0,0,1,207900.00,14701.894666666667,193198.10533333334
136861,EGO,AAQ,Anapa,12.0,2.0,2017.0,0 years 0 mons 0 days 0 hours 49 mins 0.00 secs,49.0,Sukhoi Superjet-100,3000,SU9,97,21.25,9,76,Economy,1,0,0,481200.00,103861.772,377338.228
136865,EGO,AAQ,Anapa,11.0,12.0,2016.0,0 years 0 mons 0 days 0 hours 50 mins 0.00 secs,50.0,Sukhoi Superjet-100,3000,SU9,97,3.00,1,11,Business,0,0,1,207900.00,15001.933333333334,192898.06666666665
136865,EGO,AAQ,Anapa,11.0,12.0,2016.0,0 years 0 mons 0 days 0 hours 50 mins 0.00 secs,50.0,Sukhoi Superjet-100,3000,SU9,97,21.25,8,77,Economy,1,0,0,487500.00,105981.40000000001,381518.6
136866,EGO,AAQ,Anapa,28.0,12.0,2016.0,0 years 0 mons 0 days 0 hours 50 mins 0.00 secs,50.0,Sukhoi Superjet-100,3000,SU9,97,3.00,1,11,Business,0,0,1,207900.00,15001.933333333334,192898.06666666665
136866,EGO,AAQ,Anapa,28.0,12.0,2016.0,0 years 0 mons 0 days 0 hours 50 mins 0.00 secs,50.0,Sukhoi Superjet-100,3000,SU9,97,21.25,2,83,Economy,1,0,0,525900.00,105981.40000000001,419918.6
136869,EGO,AAQ,Anapa,31.0,1.0,2017.0,0 years 0 mons 0 days 0 hours 50 mins 0.00 secs,50.0,Sukhoi Superjet-100,3000,SU9,97,3.00,0,12,Business,0,0,1,226800.00,15001.933333333334,211798.06666666665
136869,EGO,AAQ,Anapa,31.0,1.0,2017.0,0 years 0 mons 0 days 0 hours 50 mins 0.00 secs,50.0,Sukhoi Superjet-100,3000,SU9,97,21.25,0,85,Economy,1,0,0,538500.00,105981.40000000001,432518.6
136871,EGO,AAQ,Anapa,13.0,1.0,2017.0,0 years 0 mons 0 days 0 hours 50 mins 0.00 secs,50.0,Sukhoi Superjet-100,3000,SU9,97,3.00,0,12,Business,0,0,1,226800.00,15001.933333333334,211798.06666666665
136871,EGO,AAQ,Anapa,13.0,1.0,2017.0,0 years 0 mons 0 days 0 hours 50 mins 0.00 secs,50.0,Sukhoi Superjet-100,3000,SU9,97,21.25,0,85,Economy,1,0,0,538500.00,105981.40000000001,432518.6
136872,EGO,AAQ,Anapa,14.0,12.0,2016.0,0 years 0 mons 0 days 0 hours 50 mins 0.00 secs,50.0,Sukhoi Superjet-100,3000,SU9,97,3.00,0,12,Business,0,0,1,226800.00,15001.933333333334,211798.06666666665
136872,EGO,AAQ,Anapa,14.0,12.0,2016.0,0 years 0 mons 0 days 0 hours 50 mins 0.00 secs,50.0,Sukhoi Superjet-100,3000,SU9,97,21.25,0,85,Economy,1,0,0,538500.00,105981.40000000001,432518.6
136873,EGO,AAQ,Anapa,3.0,12.0,2016.0,0 years 0 mons 0 days 0 hours 51 mins 0.00 secs,51.0,Sukhoi Superjet-100,3000,SU9,97,3.00,0,12,Business,0,0,1,226800.00,15301.972000000002,211498.028
136873,EGO,AAQ,Anapa,3.0,12.0,2016.0,0 years 0 mons 0 days 0 hours 51 mins 0.00 secs,51.0,Sukhoi Superjet-100,3000,SU9,97,21.25,1,84,Economy,1,0,0,532200.00,108101.028,424098.972
136875,EGO,AAQ,Anapa,16.0,2.0,2017.0,0 years 0 mons 0 days 0 hours 50 mins 0.00 secs,50.0,Sukhoi Superjet-100,3000,SU9,97,3.00,0,12,Business,0,0,1,226800.00,15001.933333333334,211798.06666666665
136875,EGO,AAQ,Anapa,16.0,2.0,2017.0,0 years 0 mons 0 days 0 hours 50 mins 0.00 secs,50.0,Sukhoi Superjet-100,3000,SU9,97,21.25,0,85,Economy,1,0,0,538500.00,105981.40000000001,432518.6
136886,EGO,AAQ,Anapa,16.0,12.0,2016.0,0 years 0 mons 0 days 0 hours 50 mins 0.00 secs,50.0,Sukhoi Superjet-100,3000,SU9,97,3.00,0,12,Business,0,0,1,226800.00,15001.933333333334,211798.06666666665
136886,EGO,AAQ,Anapa,16.0,12.0,2016.0,0 years 0 mons 0 days 0 hours 50 mins 0.00 secs,50.0,Sukhoi Superjet-100,3000,SU9,97,21.25,7,78,Economy,1,0,0,494400.00,105981.40000000001,388418.6
136887,EGO,AAQ,Anapa,20.0,1.0,2017.0,0 years 0 mons 0 days 0 hours 49 mins 0.00 secs,49.0,Sukhoi Superjet-100,3000,SU9,97,3.00,4,8,Business,0,0,1,151200.00,14701.894666666667,136498.10533333334
136887,EGO,AAQ,Anapa,20.0,1.0,2017.0,0 years 0 mons 0 days 0 hours 49 mins 0.00 secs,49.0,Sukhoi Superjet-100,3000,SU9,97,21.25,15,70,Economy,1,0,0,444000.00,103861.772,340138.228
136888,EGO,AAQ,Anapa,14.0,2.0,2017.0,0 years 0 mons 0 days 0 hours 50 mins 0.00 secs,50.0,Sukhoi Superjet-100,3000,SU9,97,3.00,2,10,Business,0,0,1,189000.00,15001.933333333334,173998.06666666665
136888,EGO,AAQ,Anapa,14.0,2.0,2017.0,0 years 0 mons 0 days 0 hours 50 mins 0.00 secs,50.0,Sukhoi Superjet-100,3000,SU9,97,21.25,16,69,Economy,1,0,0,437100.00,105981.40000000001,331118.6
136900,EGO,AAQ,Anapa,1.0,2.0,2017.0,0 years 0 mons 0 days 0 hours 51 mins 0.00 secs,51.0,Sukhoi Superjet-100,3000,SU9,97,3.00,0,12,Business,0,0,1,226800.00,15301.972000000002,211498.028
136900,EGO,AAQ,Anapa,1.0,2.0,2017.0,0 years 0 mons 0 days 0 hours 51 mins 0.00 secs,51.0,Sukhoi Superjet-100,3000,SU9,97,21.25,0,85,Economy,1,0,0,538500.00,108101.028,430398.972
136907,EGO,AAQ,Anapa,16.0,1.0,2017.0,0 years 0 mons 0 days 0 hours 51 mins 0.00 secs,51.0,Sukhoi Superjet-100,3000,SU9,97,3.00,0,12,Business,0,0,1,226800.00,15301.972000000002,211498.028
136907,EGO,AAQ,Anapa,16.0,1.0,2017.0,0 years 0 mons 0 days 0 hours 51 mins 0.00 secs,51.0,Sukhoi Superjet-100,3000,SU9,97,21.25,1,84,Economy,1,0,0,532200.00,108101.028,424098.972
136911,EGO,AAQ,Anapa,12.0,12.0,2016.0,0 years 0 mons 0 days 0 hours 50 mins 0.00 secs,50.0,Sukhoi Superjet-100,3000,SU9,97,3.00,2,10,Business,0,0,1,189000.00,15001.933333333334,173998.06666666665
136911,EGO,AAQ,Anapa,12.0,12.0,2016.0,0 years 0 mons 0 days 0 hours 50 mins 0.00 secs,50.0,Sukhoi Superjet-100,3000,SU9,97,21.25,8,77,Economy,1,0,0,487500.00,105981.40000000001,381518.6
136913,EGO,AAQ,Anapa,10.0,12.0,2016.0,0 years 0 mons 0 days 0 hours 49 mins 0.00 secs,49.0,Sukhoi Superjet-100,3000,SU9,97,3.00,2,10,Business,0,0,1,189000.00,14701.894666666667,174298.10533333334
136913,EGO,AAQ,Anapa,10.0,12.0,2016.0,0 years 0 mons 0 days 0 hours 49 mins 0.00 secs,49.0,Sukhoi Superjet-100,3000,SU9,97,21.25,5,80,Economy,1,0,0,506400.00,103861.772,402538.228
136922,EGO,AAQ,Anapa,11.0,2.0,2017.0,0 years 0 mons 0 days 0 hours 50 mins 0.00 secs,50.0,Sukhoi Superjet-100,3000,SU9,97,3.00,2,10,Business,0,0,1,189000.00,15001.933333333334,173998.06666666665
136922,EGO,AAQ,Anapa,11.0,2.0,2017.0,0 years 0 mons 0 days 0 hours 50 mins 0.00 secs,50.0,Sukhoi Superjet-100,3000,SU9,97,21.25,19,66,Economy,1,0,0,418800.00,105981.40000000001,312818.6
136927,EGO,AAQ,Anapa,22.0,1.0,2017.0,0 years 0 mons 0 days 0 hours 51 mins 0.00 secs,51.0,Sukhoi Superjet-100,3000,SU9,97,3.00,0,12,Business,0,0,1,226800.00,15301.972000000002,211498.028
136927,EGO,AAQ,Anapa,22.0,1.0,2017.0,0 years 0 mons 0 days 0 hours 51 mins 0.00 secs,51.0,Sukhoi Superjet-100,3000,SU9,97,21.25,0,85,Economy,1,0,0,538500.00,108101.028,430398.972
136929,EGO,AAQ,Anapa,31.0,12.0,2016.0,0 years 0 mons 0 days 0 hours 50 mins 0.00 secs,50.0,Sukhoi Superjet-100,3000,SU9,97,3.00,3,9,Business,0,0,1,170100.00,15001.933333333334,155098.06666666665
136929,EGO,AAQ,Anapa,31.0,12.0,2016.0,0 years 0 mons 0 days 0 hours 50 mins 0.00 secs,50.0,Sukhoi Superjet-100,3000,SU9,97,21.25,12,73,Economy,1,0,0,461700.00,105981.40000000001,355718.6
136936,EGO,AAQ,Anapa,2.0,1.0,2017.0,0 years 0 mons 0 days 0 hours 50 mins 0.00 secs,50.0,Sukhoi Superjet-100,3000,SU9,97,3.00,3,9,Business,0,0,1,170100.00,15001.933333333334,155098.06666666665
136936,EGO,AAQ,Anapa,2.0,1.0,2017.0,0 years 0 mons 0 days 0 hours 50 mins 0.00 secs,50.0,Sukhoi Superjet-100,3000,SU9,97,21.25,12,73,Economy,1,0,0,462300.00,105981.40000000001,356318.6
136937,EGO,AAQ,Anapa,3.0,1.0,2017.0,0 years 0 mons 0 days 0 hours 50 mins 0.00 secs,50.0,Sukhoi Superjet-100,3000,SU9,97,3.00,3,9,Business,0,0,1,170100.00,15001.933333333334,155098.06666666665
136937,EGO,AAQ,Anapa,3.0,1.0,2017.0,0 years 0 mons 0 days 0 hours 50 mins 0.00 secs,50.0,Sukhoi Superjet-100,3000,SU9,97,21.25,13,72,Economy,1,0,0,456000.00,105981.40000000001,350018.6
136943,EGO,AAQ,Anapa,5.0,12.0,2016.0,0 years 0 mons 0 days 0 hours 50 mins 0.00 secs,50.0,Sukhoi Superjet-100,3000,SU9,97,3.00,1,11,Business,0,0,1,207900.00,15001.933333333334,192898.06666666665
136943,EGO,AAQ,Anapa,5.0,12.0,2016.0,0 years 0 mons 0 days 0 hours 50 mins 0.00 secs,50.0,Sukhoi Superjet-100,3000,SU9,97,21.25,2,83,Economy,1,0,0,525900.00,105981.40000000001,419918.6
136951,EGO,AAQ,Anapa,2.0,2.0,2017.0,0 years 0 mons 0 days 0 hours 49 mins 0.00 secs,49.0,Sukhoi Superjet-100,3000,SU9,97,3.00,0,12,Business,0,0,1,226800.00,14701.894666666667,212098.10533333334
136951,EGO,AAQ,Anapa,2.0,2.0,2017.0,0 years 0 mons 0 days 0 hours 49 mins 0.00 secs,49.0,Sukhoi Superjet-100,3000,SU9,97,21.25,7,78,Economy,1,0,0,493800.00,103861.772,389938.228
136953,EGO,AAQ,Anapa,27.0,2.0,2017.0,0 years 0 mons 0 days 0 hours 50 mins 0.00 secs,50.0,Sukhoi Superjet-100,3000,SU9,97,3.00,0,12,Business,0,0,1,226800.00,15001.933333333334,211798.06666666665
136953,EGO,AAQ,Anapa,27.0,2.0,2017.0,0 years 0 mons 0 days 0 hours 50 mins 0.00 secs,50.0,Sukhoi Superjet-100,3000,SU9,97,21.25,0,85,Economy,1,0,0,538500.00,105981.40000000001,432518.6
136956,EGO,AAQ,Anapa,4.0,2.0,2017.0,0 years 0 mons 0 days 0 hours 50 mins 0.00 secs,50.0,Sukhoi Superjet-100,3000,SU9,97,3.00,1,11,Business,0,0,1,207900.00,15001.933333333334,192898.06666666665
136956,EGO,AAQ,Anapa,4.0,2.0,2017.0,0 years 0 mons 0 days 0 hours 50 mins 0.00 secs,50.0,Sukhoi Superjet-100,3000,SU9,97,21.25,0,85,Economy,1,0,0,538500.00,105981.40000000001,432518.6
136961,EGO,AAQ,Anapa,21.0,12.0,2016.0,0 years 0 mons 0 days 0 hours 49 mins 0.00 secs,49.0,Sukhoi Superjet-100,3000,SU9,97,3.00,0,12,Business,0,0,1,226800.00,14701.894666666667,212098.10533333334
136961,EGO,AAQ,Anapa,21.0,12.0,2016.0,0 years 0 mons 0 days 0 hours 49 mins 0.00 secs,49.0,Sukhoi Superjet-100,3000,SU9,97,21.25,1,84,Economy,1,0,0,532200.00,103861.772,428338.228
